

---employees---
REPLACE INTO employees(id,name,email,phone_number) VALUES ('1','Hùng Thịnh Đinh','ThyAnh79@yahoo.com','023 9324 5592');
REPLACE INTO employees(id,name,email,phone_number) VALUES ('2','An Tường Trịnh','Khnhan.Phm@yahoo.com','022 0066 6557');
REPLACE INTO employees(id,name,email,phone_number) VALUES ('3','Hoàng Duệ Trần I','NhAnh_Mai@hotmail.com','026 9470 9508');
REPLACE INTO employees(id,name,email,phone_number) VALUES ('4','Ms. Thành Thiện Vũ','Tn.Ng@hotmail.com','026 3632 1049');
REPLACE INTO employees(id,name,email,phone_number) VALUES ('5','Ðức Thành Lê','PhngUyn65@yahoo.com','0279 4142 4708');
REPLACE INTO employees(id,name,email,phone_number) VALUES ('6','Thượng Nghị Hồ','nhKim43@hotmail.com','0256 6920 8794');
REPLACE INTO employees(id,name,email,phone_number) VALUES ('7','Ms. Hưng Ðạo Nguyễn','ThuDuyn_Phan@hotmail.com','0245 1679 8200');
REPLACE INTO employees(id,name,email,phone_number) VALUES ('8','Việt Dũng Dương','KimThng_Vng14@hotmail.com','026 2312 7134');
REPLACE INTO employees(id,name,email,phone_number) VALUES ('9','Hiếu Phong Dương','DngKhnh.Phan@yahoo.com','0295 6465 3055');
REPLACE INTO employees(id,name,email,phone_number) VALUES ('10','Thanh Tuấn Vương','VnHng61@hotmail.com','027 6223 0001');
REPLACE INTO employees(id,name,email,phone_number) VALUES ('11','Trung Nguyên Nguyễn','CngLp_inh@yahoo.com','022 3304 2135');
REPLACE INTO employees(id,name,email,phone_number) VALUES ('12','Bình Ðịnh Phùng','TrcLinh56@hotmail.com','026 8175 7901');
REPLACE INTO employees(id,name,email,phone_number) VALUES ('13','Huy Khiêm Mai','Phn_Trn@yahoo.com','0210 4460 6144');
REPLACE INTO employees(id,name,email,phone_number) VALUES ('14','Mrs. Hữu Nghĩa Đặng','ThiVn94@yahoo.com','029 9593 5529');
REPLACE INTO employees(id,name,email,phone_number) VALUES ('15','Quỳnh Nhung Phạm I','MngLong_Ng39@yahoo.com','0294 7848 4548');
REPLACE INTO employees(id,name,email,phone_number) VALUES ('16','Lan Vy Hà','NhMai.Trng@yahoo.com','0217 2635 1851');
REPLACE INTO employees(id,name,email,phone_number) VALUES ('17','Diệu Ngà Bùi','KhcNinh94@hotmail.com','0278 5831 9727');
REPLACE INTO employees(id,name,email,phone_number) VALUES ('18','Hiếu Hạnh Vũ PhD','VnThng.Phan18@yahoo.com','0223 5664 9908');
REPLACE INTO employees(id,name,email,phone_number) VALUES ('19','Lệ Huyền Tăng','PhcNhn.Hong52@gmail.com','0274 4735 7681');
REPLACE INTO employees(id,name,email,phone_number) VALUES ('20','Minh Huấn Đỗ','MinhKhi.Phm66@yahoo.com','0260 1866 9551');
REPLACE INTO employees(id,name,email,phone_number) VALUES ('21','Tịnh Như Ngô','Tn.Phan@gmail.com','026 0060 0384');
REPLACE INTO employees(id,name,email,phone_number) VALUES ('22','Hải Phương Tô','ThnhCng.H81@hotmail.com','024 5176 3533');
REPLACE INTO employees(id,name,email,phone_number) VALUES ('23','Huy Tường Tô','LiuOanh.Trng@hotmail.com','028 1997 8601');
REPLACE INTO employees(id,name,email,phone_number) VALUES ('24','Nhã Yến Tô','CngHiu27@yahoo.com','0234 0783 5816');
REPLACE INTO employees(id,name,email,phone_number) VALUES ('25','Kiên Cường Tăng MD','KimQuyn_Vng@yahoo.com','026 7006 4223');
REPLACE INTO employees(id,name,email,phone_number) VALUES ('26','Nhã Hồng Lâm','DuyHng56@hotmail.com','029 7852 2092');
REPLACE INTO employees(id,name,email,phone_number) VALUES ('27','Bảo Anh Lâm','GingUyn.Ng25@gmail.com','021 9353 3989');
REPLACE INTO employees(id,name,email,phone_number) VALUES ('28','Việt Cương Dương','DLm.Trnh39@gmail.com','027 2231 3461');
REPLACE INTO employees(id,name,email,phone_number) VALUES ('29','Kiên Bình Bùi','ThDuyt28@gmail.com','0269 0985 0461');
REPLACE INTO employees(id,name,email,phone_number) VALUES ('30','Mỹ Ngọc Dương','KhiTm_Vng@yahoo.com','022 4287 3879');
REPLACE INTO employees(id,name,email,phone_number) VALUES ('31','Kim Sa Phạm','DuyBo_Vng@gmail.com','0296 0190 0409');
REPLACE INTO employees(id,name,email,phone_number) VALUES ('32','Mr. Yến Loan Vương','VitDng_L@hotmail.com','028 5899 0562');
REPLACE INTO employees(id,name,email,phone_number) VALUES ('33','Phương Tâm Trần','KiuDim.H@yahoo.com','023 9445 8427');
REPLACE INTO employees(id,name,email,phone_number) VALUES ('34','Thanh Thư Bùi','ThanhVy13@gmail.com','0298 1083 6068');
REPLACE INTO employees(id,name,email,phone_number) VALUES ('35','Ms. Quốc Hải Phùng','BoGiang_T@gmail.com','026 6671 2725');
REPLACE INTO employees(id,name,email,phone_number) VALUES ('36','Miss Ngọc Khanh Phan','Thnht_Vng36@yahoo.com','0256 1592 5165');
REPLACE INTO employees(id,name,email,phone_number) VALUES ('37','Thượng Cường Hoàng','ThinKim41@hotmail.com','0217 5648 8211');
REPLACE INTO employees(id,name,email,phone_number) VALUES ('38','Tiểu Mi Trịnh','KhnhGiang18@gmail.com','029 1028 1191');
REPLACE INTO employees(id,name,email,phone_number) VALUES ('39','Chấn Hùng Phùng','DuyNhng_H@gmail.com','0221 7287 8299');
REPLACE INTO employees(id,name,email,phone_number) VALUES ('40','Ánh Tuyết Đặng PhD','LanChi5@gmail.com','0228 8621 2541');
REPLACE INTO employees(id,name,email,phone_number) VALUES ('41','Nguyễn Minh Dũng','nguyenminhdungtd98@gmail.com','0763934399');
REPLACE INTO employees(id,name,email,phone_number) VALUES ('42','Nguyễn Văn Ký','nguyenky@gmail.com','03428284832');
REPLACE INTO employees(id,name,email,phone_number) VALUES ('43','Nguyễn Võ Công Toàn','congtoan@gmail.com','0957839282');
REPLACE INTO employees(id,name,email,phone_number) VALUES ('44','Thiên Thảo','thienthao@gmail.com','094883123');
REPLACE INTO employees(id,name,email,phone_number) VALUES ('45','Vũ Thị Thu Thảo','thuthao@gmail.com','0948843123');
REPLACE INTO employees(id,name,email,phone_number) VALUES ('46','Nguyễn Duỹ Long','duylong@gmail.com','0948843123');
REPLACE INTO employees(id,name,email,phone_number) VALUES ('47','Nguyễn Thanh Tốt','thanhtot@gmail.com','0948843123');
REPLACE INTO employees(id,name,email,phone_number) VALUES ('48','Minh Hồ','minhho@gmail.com','091263823');
---departments---
REPLACE INTO departments(id,name,farther_department_id) VALUES ('1','Ban Quản Lý KTX Cỏ May','0');
REPLACE INTO departments(id,name,farther_department_id) VALUES ('2','Bảo trì - Bảo dưỡng CSVC KTX','1');
REPLACE INTO departments(id,name,farther_department_id) VALUES ('3','Đội sửa chữa','2');
REPLACE INTO departments(id,name,farther_department_id) VALUES ('4','Tầng 1','2');
REPLACE INTO departments(id,name,farther_department_id) VALUES ('5','Tầng 2','2');
REPLACE INTO departments(id,name,farther_department_id) VALUES ('6','Tầng 3','2');
REPLACE INTO departments(id,name,farther_department_id) VALUES ('7','Tầng trệt','2');
REPLACE INTO departments(id,name,farther_department_id) VALUES ('8','Kiểm tra và giám sát sinh viên','1');
REPLACE INTO departments(id,name,farther_department_id) VALUES ('9','Tổ chức sự kiện','1');
REPLACE INTO departments(id,name,farther_department_id) VALUES ('10','Truyền thông','1');
REPLACE INTO departments(id,name,farther_department_id) VALUES ('11','Sinh viên','1');
---departments_employees---
REPLACE INTO departments_employees(department_id,employee_id) VALUES ('1','28');
REPLACE INTO departments_employees(department_id,employee_id) VALUES ('1','4');
REPLACE INTO departments_employees(department_id,employee_id) VALUES ('1','42');
REPLACE INTO departments_employees(department_id,employee_id) VALUES ('1','35');
REPLACE INTO departments_employees(department_id,employee_id) VALUES ('1','23');
REPLACE INTO departments_employees(department_id,employee_id) VALUES ('1','42');
REPLACE INTO departments_employees(department_id,employee_id) VALUES ('1','8');
REPLACE INTO departments_employees(department_id,employee_id) VALUES ('1','35');
REPLACE INTO departments_employees(department_id,employee_id) VALUES ('1','40');
REPLACE INTO departments_employees(department_id,employee_id) VALUES ('1','27');
REPLACE INTO departments_employees(department_id,employee_id) VALUES ('2','2');
REPLACE INTO departments_employees(department_id,employee_id) VALUES ('2','36');
REPLACE INTO departments_employees(department_id,employee_id) VALUES ('2','29');
REPLACE INTO departments_employees(department_id,employee_id) VALUES ('2','11');
REPLACE INTO departments_employees(department_id,employee_id) VALUES ('2','6');
REPLACE INTO departments_employees(department_id,employee_id) VALUES ('2','27');
REPLACE INTO departments_employees(department_id,employee_id) VALUES ('2','5');
REPLACE INTO departments_employees(department_id,employee_id) VALUES ('2','19');
REPLACE INTO departments_employees(department_id,employee_id) VALUES ('2','20');
REPLACE INTO departments_employees(department_id,employee_id) VALUES ('2','15');
REPLACE INTO departments_employees(department_id,employee_id) VALUES ('3','26');
REPLACE INTO departments_employees(department_id,employee_id) VALUES ('3','21');
REPLACE INTO departments_employees(department_id,employee_id) VALUES ('3','11');
REPLACE INTO departments_employees(department_id,employee_id) VALUES ('3','18');
REPLACE INTO departments_employees(department_id,employee_id) VALUES ('3','8');
REPLACE INTO departments_employees(department_id,employee_id) VALUES ('3','18');
REPLACE INTO departments_employees(department_id,employee_id) VALUES ('3','4');
REPLACE INTO departments_employees(department_id,employee_id) VALUES ('3','6');
REPLACE INTO departments_employees(department_id,employee_id) VALUES ('3','5');
REPLACE INTO departments_employees(department_id,employee_id) VALUES ('3','2');
REPLACE INTO departments_employees(department_id,employee_id) VALUES ('4','15');
REPLACE INTO departments_employees(department_id,employee_id) VALUES ('4','17');
REPLACE INTO departments_employees(department_id,employee_id) VALUES ('4','12');
REPLACE INTO departments_employees(department_id,employee_id) VALUES ('4','2');
REPLACE INTO departments_employees(department_id,employee_id) VALUES ('4','4');
REPLACE INTO departments_employees(department_id,employee_id) VALUES ('4','7');
REPLACE INTO departments_employees(department_id,employee_id) VALUES ('4','11');
REPLACE INTO departments_employees(department_id,employee_id) VALUES ('4','5');
REPLACE INTO departments_employees(department_id,employee_id) VALUES ('4','3');
REPLACE INTO departments_employees(department_id,employee_id) VALUES ('4','1');
REPLACE INTO departments_employees(department_id,employee_id) VALUES ('5','8');
REPLACE INTO departments_employees(department_id,employee_id) VALUES ('5','1');
REPLACE INTO departments_employees(department_id,employee_id) VALUES ('5','2');
REPLACE INTO departments_employees(department_id,employee_id) VALUES ('5','3');
REPLACE INTO departments_employees(department_id,employee_id) VALUES ('5','3');
REPLACE INTO departments_employees(department_id,employee_id) VALUES ('5','2');
REPLACE INTO departments_employees(department_id,employee_id) VALUES ('5','2');
REPLACE INTO departments_employees(department_id,employee_id) VALUES ('5','1');
REPLACE INTO departments_employees(department_id,employee_id) VALUES ('5','1');
REPLACE INTO departments_employees(department_id,employee_id) VALUES ('5','1');
REPLACE INTO departments_employees(department_id,employee_id) VALUES ('6','1');
REPLACE INTO departments_employees(department_id,employee_id) VALUES ('6','1');
REPLACE INTO departments_employees(department_id,employee_id) VALUES ('6','1');
REPLACE INTO departments_employees(department_id,employee_id) VALUES ('6','1');
REPLACE INTO departments_employees(department_id,employee_id) VALUES ('6','1');
REPLACE INTO departments_employees(department_id,employee_id) VALUES ('6','1');
REPLACE INTO departments_employees(department_id,employee_id) VALUES ('6','1');
REPLACE INTO departments_employees(department_id,employee_id) VALUES ('6','1');
REPLACE INTO departments_employees(department_id,employee_id) VALUES ('6','1');
REPLACE INTO departments_employees(department_id,employee_id) VALUES ('6','1');
REPLACE INTO departments_employees(department_id,employee_id) VALUES ('7','1');
REPLACE INTO departments_employees(department_id,employee_id) VALUES ('7','1');
REPLACE INTO departments_employees(department_id,employee_id) VALUES ('7','1');
REPLACE INTO departments_employees(department_id,employee_id) VALUES ('7','1');
REPLACE INTO departments_employees(department_id,employee_id) VALUES ('7','1');
REPLACE INTO departments_employees(department_id,employee_id) VALUES ('7','1');
REPLACE INTO departments_employees(department_id,employee_id) VALUES ('7','1');
REPLACE INTO departments_employees(department_id,employee_id) VALUES ('7','1');
REPLACE INTO departments_employees(department_id,employee_id) VALUES ('7','1');
REPLACE INTO departments_employees(department_id,employee_id) VALUES ('7','1');
REPLACE INTO departments_employees(department_id,employee_id) VALUES ('8','1');
REPLACE INTO departments_employees(department_id,employee_id) VALUES ('8','1');
REPLACE INTO departments_employees(department_id,employee_id) VALUES ('8','1');
REPLACE INTO departments_employees(department_id,employee_id) VALUES ('8','1');
REPLACE INTO departments_employees(department_id,employee_id) VALUES ('8','1');
REPLACE INTO departments_employees(department_id,employee_id) VALUES ('8','1');
REPLACE INTO departments_employees(department_id,employee_id) VALUES ('8','1');
REPLACE INTO departments_employees(department_id,employee_id) VALUES ('8','1');
REPLACE INTO departments_employees(department_id,employee_id) VALUES ('8','1');
REPLACE INTO departments_employees(department_id,employee_id) VALUES ('8','1');
REPLACE INTO departments_employees(department_id,employee_id) VALUES ('9','1');
REPLACE INTO departments_employees(department_id,employee_id) VALUES ('9','1');
REPLACE INTO departments_employees(department_id,employee_id) VALUES ('9','1');
REPLACE INTO departments_employees(department_id,employee_id) VALUES ('9','1');
REPLACE INTO departments_employees(department_id,employee_id) VALUES ('9','1');
REPLACE INTO departments_employees(department_id,employee_id) VALUES ('9','1');
REPLACE INTO departments_employees(department_id,employee_id) VALUES ('9','1');
REPLACE INTO departments_employees(department_id,employee_id) VALUES ('9','1');
REPLACE INTO departments_employees(department_id,employee_id) VALUES ('9','1');
REPLACE INTO departments_employees(department_id,employee_id) VALUES ('9','1');
REPLACE INTO departments_employees(department_id,employee_id) VALUES ('10','1');
REPLACE INTO departments_employees(department_id,employee_id) VALUES ('10','1');
REPLACE INTO departments_employees(department_id,employee_id) VALUES ('10','1');
REPLACE INTO departments_employees(department_id,employee_id) VALUES ('10','1');
REPLACE INTO departments_employees(department_id,employee_id) VALUES ('10','1');
REPLACE INTO departments_employees(department_id,employee_id) VALUES ('10','1');
REPLACE INTO departments_employees(department_id,employee_id) VALUES ('10','1');
REPLACE INTO departments_employees(department_id,employee_id) VALUES ('10','1');
REPLACE INTO departments_employees(department_id,employee_id) VALUES ('10','1');
REPLACE INTO departments_employees(department_id,employee_id) VALUES ('10','1');
REPLACE INTO departments_employees(department_id,employee_id) VALUES ('11','1');
REPLACE INTO departments_employees(department_id,employee_id) VALUES ('11','1');
REPLACE INTO departments_employees(department_id,employee_id) VALUES ('11','1');
REPLACE INTO departments_employees(department_id,employee_id) VALUES ('11','1');
REPLACE INTO departments_employees(department_id,employee_id) VALUES ('11','1');
REPLACE INTO departments_employees(department_id,employee_id) VALUES ('11','1');
REPLACE INTO departments_employees(department_id,employee_id) VALUES ('11','1');
REPLACE INTO departments_employees(department_id,employee_id) VALUES ('11','1');
REPLACE INTO departments_employees(department_id,employee_id) VALUES ('11','1');
REPLACE INTO departments_employees(department_id,employee_id) VALUES ('11','1');
---positions---
REPLACE INTO positions(id,name,department_id,is_manager) VALUES ('1','Thành viên ban quản lý KTX','1',true);
REPLACE INTO positions(id,name,department_id,is_manager) VALUES ('2','Giám thị','1',false);
REPLACE INTO positions(id,name,department_id,is_manager) VALUES ('3','Kế toán','1',false);
REPLACE INTO positions(id,name,department_id,is_manager) VALUES ('4','Trưởng đội 1','2',true);
REPLACE INTO positions(id,name,department_id,is_manager) VALUES ('5','Thành viên','3',false);
REPLACE INTO positions(id,name,department_id,is_manager) VALUES ('6','Hỗ trợ trưởng tầng','4',false);
REPLACE INTO positions(id,name,department_id,is_manager) VALUES ('7','Trưởng tầng 1','4',true);
REPLACE INTO positions(id,name,department_id,is_manager) VALUES ('8','Trưởng phòng sinh viên tầng 1','4',false);
REPLACE INTO positions(id,name,department_id,is_manager) VALUES ('9','Hỗ trợ trưởng tầng','5',false);
REPLACE INTO positions(id,name,department_id,is_manager) VALUES ('10','Trưởng tầng 2','5',true);
REPLACE INTO positions(id,name,department_id,is_manager) VALUES ('11','Trưởng phòng sinh viên tầng 2','5',false);
REPLACE INTO positions(id,name,department_id,is_manager) VALUES ('12','Hỗ trợ trưởng tầng','6',false);
REPLACE INTO positions(id,name,department_id,is_manager) VALUES ('13','Trưởng tầng 3','6',true);
REPLACE INTO positions(id,name,department_id,is_manager) VALUES ('14','Trưởng phòng sinh viên tầng 3','6',false);
REPLACE INTO positions(id,name,department_id,is_manager) VALUES ('15','Hỗ trợ trưởng tầng','7',false);
REPLACE INTO positions(id,name,department_id,is_manager) VALUES ('16','Trưởng tầng trệt','7',true);
REPLACE INTO positions(id,name,department_id,is_manager) VALUES ('17','Trưởng phòng sinh viên tầng trệt','7',false);
REPLACE INTO positions(id,name,department_id,is_manager) VALUES ('18','Thành viên','8',false);
REPLACE INTO positions(id,name,department_id,is_manager) VALUES ('19','Trưởng đội 2','8',true);
---roles---
REPLACE INTO roles(id,name) VALUES ('1','Điều hành các hoạt động của KTX');
REPLACE INTO roles(id,name) VALUES ('2','Duyệt các đề xuất nghỉ phép của sinh viên');
REPLACE INTO roles(id,name) VALUES ('3','Giải quyết các vấn đề tiền ăn và học phí');
REPLACE INTO roles(id,name) VALUES ('4','Quản lý cơ sở vật chất, an ninh KTX');
REPLACE INTO roles(id,name) VALUES ('5','Sinh viên');
REPLACE INTO roles(id,name) VALUES ('6','Nhận đề xuất và thực hiện sửa chữa hư hỏng cho các phòng');
REPLACE INTO roles(id,name) VALUES ('7','Quản lý, chấm điểm rèn luyện cho SV và điểm danh SV');
---options---
REPLACE INTO options(id,name) VALUES ('1','Hợp đồng kinh tế');
REPLACE INTO options(id,name) VALUES ('2','Hợp đồng');
REPLACE INTO options(id,name) VALUES ('3','Cảnh báo/nhắc nhở');
REPLACE INTO options(id,name) VALUES ('4','Thiết bị');
REPLACE INTO options(id,name) VALUES ('5','Phụ tùng');
REPLACE INTO options(id,name) VALUES ('6','Cảm biến');
REPLACE INTO options(id,name) VALUES ('6','Cảm biến');
REPLACE INTO options(id,name) VALUES ('8','Cảm biến');
REPLACE INTO options(id,name) VALUES ('9','Danh mục');
REPLACE INTO options(id,name) VALUES ('10','Danh mục kiểm tra');
REPLACE INTO options(id,name) VALUES ('11','Công việc');
REPLACE INTO options(id,name) VALUES ('12','Đề xuất');
REPLACE INTO options(id,name) VALUES ('13','Loại đề xuất');
REPLACE INTO options(id,name) VALUES ('14','Nhân viên');
REPLACE INTO options(id,name) VALUES ('15','Phòng ban');
REPLACE INTO options(id,name) VALUES ('16','Chức vụ');
REPLACE INTO options(id,name) VALUES ('17','Kho');
REPLACE INTO options(id,name) VALUES ('18','Vai trò');
REPLACE INTO options(id,name) VALUES ('19','Báo cáo');
REPLACE INTO options(id,name) VALUES ('20','Khách hàng');
REPLACE INTO options(id,name) VALUES ('21','Người dùng');
REPLACE INTO options(id,name) VALUES ('22','Chức năng công ty');
REPLACE INTO options(id,name) VALUES ('23','Thẻ');
REPLACE INTO options(id,name) VALUES ('24','Phân loại khách hàng');
REPLACE INTO options(id,name) VALUES ('25','Sản phẩm');
REPLACE INTO options(id,name) VALUES ('26','Sản phẩm');
---permissions---
REPLACE INTO permissions(id,name) VALUES ('1','Xem');
REPLACE INTO permissions(id,name) VALUES ('2','Tạo');
REPLACE INTO permissions(id,name) VALUES ('3','Sửa');
REPLACE INTO permissions(id,name) VALUES ('4','Xoá');
REPLACE INTO permissions(id,name) VALUES ('5','Xem hết');
REPLACE INTO permissions(id,name) VALUES ('6','Sửa hết');
REPLACE INTO permissions(id,name) VALUES ('7','Xoá hết');
---role_details---
REPLACE INTO role_details(id,role_id,option_id,permission_id) VALUES ('1','5','11','1');
REPLACE INTO role_details(id,role_id,option_id,permission_id) VALUES ('2','5','11','2');
REPLACE INTO role_details(id,role_id,option_id,permission_id) VALUES ('3','5','11','3');
REPLACE INTO role_details(id,role_id,option_id,permission_id) VALUES ('4','5','11','4');
REPLACE INTO role_details(id,role_id,option_id,permission_id) VALUES ('5','5','12','1');
REPLACE INTO role_details(id,role_id,option_id,permission_id) VALUES ('6','5','12','2');
REPLACE INTO role_details(id,role_id,option_id,permission_id) VALUES ('7','5','12','3');
REPLACE INTO role_details(id,role_id,option_id,permission_id) VALUES ('8','5','12','4');
REPLACE INTO role_details(id,role_id,option_id,permission_id) VALUES ('9','5','14','1');
REPLACE INTO role_details(id,role_id,option_id,permission_id) VALUES ('10','5','15','1');
REPLACE INTO role_details(id,role_id,option_id,permission_id) VALUES ('11','4','11','1');
REPLACE INTO role_details(id,role_id,option_id,permission_id) VALUES ('12','4','11','2');
REPLACE INTO role_details(id,role_id,option_id,permission_id) VALUES ('13','4','11','3');
REPLACE INTO role_details(id,role_id,option_id,permission_id) VALUES ('14','4','11','4');
REPLACE INTO role_details(id,role_id,option_id,permission_id) VALUES ('15','4','11','5');
REPLACE INTO role_details(id,role_id,option_id,permission_id) VALUES ('16','4','11','6');
REPLACE INTO role_details(id,role_id,option_id,permission_id) VALUES ('17','4','12','1');
REPLACE INTO role_details(id,role_id,option_id,permission_id) VALUES ('18','4','12','2');
REPLACE INTO role_details(id,role_id,option_id,permission_id) VALUES ('19','4','12','3');
REPLACE INTO role_details(id,role_id,option_id,permission_id) VALUES ('20','4','12','4');
REPLACE INTO role_details(id,role_id,option_id,permission_id) VALUES ('21','4','12','5');
REPLACE INTO role_details(id,role_id,option_id,permission_id) VALUES ('22','4','12','6');
REPLACE INTO role_details(id,role_id,option_id,permission_id) VALUES ('23','4','14','1');
REPLACE INTO role_details(id,role_id,option_id,permission_id) VALUES ('24','4','15','1');
REPLACE INTO role_details(id,role_id,option_id,permission_id) VALUES ('25','4','16','1');
REPLACE INTO role_details(id,role_id,option_id,permission_id) VALUES ('26','6','11','1');
REPLACE INTO role_details(id,role_id,option_id,permission_id) VALUES ('27','6','11','2');
REPLACE INTO role_details(id,role_id,option_id,permission_id) VALUES ('28','6','11','3');
REPLACE INTO role_details(id,role_id,option_id,permission_id) VALUES ('29','6','11','4');
REPLACE INTO role_details(id,role_id,option_id,permission_id) VALUES ('30','6','12','1');
REPLACE INTO role_details(id,role_id,option_id,permission_id) VALUES ('31','6','12','2');
REPLACE INTO role_details(id,role_id,option_id,permission_id) VALUES ('32','6','12','3');
REPLACE INTO role_details(id,role_id,option_id,permission_id) VALUES ('33','6','12','4');
REPLACE INTO role_details(id,role_id,option_id,permission_id) VALUES ('34','6','14','1');
REPLACE INTO role_details(id,role_id,option_id,permission_id) VALUES ('35','6','15','1');
REPLACE INTO role_details(id,role_id,option_id,permission_id) VALUES ('36','6','16','1');
---statuses---
REPLACE INTO statuses(id,name) VALUES ('1','Hoàn tất');
REPLACE INTO statuses(id,name) VALUES ('2','Bị từ chối');
REPLACE INTO statuses(id,name) VALUES ('3','Đã huỷ');
REPLACE INTO statuses(id,name) VALUES ('4','Mới');
REPLACE INTO statuses(id,name) VALUES ('5','Đang làm');
REPLACE INTO statuses(id,name) VALUES ('6','Chờ xác nhận');
REPLACE INTO statuses(id,name) VALUES ('7','Hoàn thành');
REPLACE INTO statuses(id,name) VALUES ('8','Quá hạn');
REPLACE INTO statuses(id,name) VALUES ('9',NULL);
---data_types---
REPLACE INTO data_types(id,name) VALUES ('1','Textarea');
REPLACE INTO data_types(id,name) VALUES ('2','Dropdown');
REPLACE INTO data_types(id,name) VALUES ('3','Radio');
REPLACE INTO data_types(id,name) VALUES ('4','Checkbox');
REPLACE INTO data_types(id,name) VALUES ('5','Number');
REPLACE INTO data_types(id,name) VALUES ('6','Calculator');
REPLACE INTO data_types(id,name) VALUES ('7','Relation');
REPLACE INTO data_types(id,name) VALUES ('8','Attachment');
REPLACE INTO data_types(id,name) VALUES ('9','Datetime');
REPLACE INTO data_types(id,name) VALUES ('10','Repeater');
REPLACE INTO data_types(id,name) VALUES ('11','Label');
REPLACE INTO data_types(id,name) VALUES ('12',NULL);
---tasks---
REPLACE INTO tasks(id,title,description,status_id,creator_id) VALUES ('1','lầu đang sáu','Hết chìm á giày hóa.
Hai chín ừ mây hết vàng.','8','20');
REPLACE INTO tasks(id,title,description,status_id,creator_id) VALUES ('2','đỏ gió may','Bàn bạn không khoảng đạp hết giày bơi đồng ghế.
Hương phá leo đang thì viết.
Tủ thích thế sáu chín bè mây.','4','46');
REPLACE INTO tasks(id,title,description,status_id,creator_id) VALUES ('3','được giết việc','Ghét ác đỏ thế máy nghỉ.
Bơi leo bạn đỏ tám ờ.
Thuê bàn một dép.
Khoảng một á vá cái.
Cái năm hàng.','8','24');
REPLACE INTO tasks(id,title,description,status_id,creator_id) VALUES ('4','cái vàng quần','Hương cái trời hết thuê trời.
Thuyền mua ruộng thuyền trăng.','3','24');
REPLACE INTO tasks(id,title,description,status_id,creator_id) VALUES ('5','khoảng nước nhà','Mua lầu xanh nghỉ mua tô tôi ghét bảy mướn.','1','24');
REPLACE INTO tasks(id,title,description,status_id,creator_id) VALUES ('6','thuyền là ừ','Biển đá gió con.
Thích đồng vẽ hóa lầu may giày dép thuyền làm.
Ừ leo ngọt đâu thôi một thương tui đã xe.
Ghế lỗi đỏ tô mượn.','7','14');
REPLACE INTO tasks(id,title,description,status_id,creator_id) VALUES ('7','hết tàu đánh','Biển bàn đạp nhà gió bơi mượn.
Bàn ruộng chỉ đánh.','4','42');
REPLACE INTO tasks(id,title,description,status_id,creator_id) VALUES ('8','bảy vàng núi','Lỗi con một hết vá đánh thuê khoan ngọt.','2','2');
REPLACE INTO tasks(id,title,description,status_id,creator_id) VALUES ('9','ờ sáu con','Ngọt quần ghét mây á.','7','37');
REPLACE INTO tasks(id,title,description,status_id,creator_id) VALUES ('10','hóa anh nha','Thế lỗi vẽ đồng đập độc tím quần dép.
Áo bốn dép lầu thôi thuyền.
Ngọt thôi lỗi nước mười.
Chết mượn chìm nha làm chín bảy thuê.','9','40');
REPLACE INTO tasks(id,title,description,status_id,creator_id) VALUES ('11','ghế thuyền bốn','Kim đập được ờ.
Đỏ trăng mua trăng hương tô kim là dép hết.
Quê chín ừ.
Khâu vàng mười nghỉ ừ vẽ đồng nước tàu cái.','1','39');
REPLACE INTO tasks(id,title,description,status_id,creator_id) VALUES ('12','ngọt con á','Trời quần leo núi tủ.
Bảy ngọt cửa.
Viết ờ thuê yêu.
Chết không quê thuyền anh mua.
May ba nha xanh ngọt.','2','31');
REPLACE INTO tasks(id,title,description,status_id,creator_id) VALUES ('13','bảy thôi tủ','Gì mười quê.
Thích nghỉ vàng thích thuê.
Thuyền trăng tám đạp thôi tím vẽ năm năm.','2','35');
REPLACE INTO tasks(id,title,description,status_id,creator_id) VALUES ('14','lỗi ghét tui','Ngọt đập được ờ tàu tôi ác.
Mượn kim núi.
Bốn mua thì dép.
Đập hương đâu quê ghét giày.
Đang ngọt hết không leo.','2','46');
REPLACE INTO tasks(id,title,description,status_id,creator_id) VALUES ('15','chết xanh đang','Khoảng quần hương ừ được đâu hết quê.
Lỗi máy anh hết giày tôi ruộng.
Bạn máy cửa giày.
Yêu thuê là độc bè xuồng đạp chết.
May leo tô viết đập em xe đã chỉ.','7','31');
REPLACE INTO tasks(id,title,description,status_id,creator_id) VALUES ('16','hết áo thôi','Bè đâu sáu cái may trăng bàn.
Mượn ghế hương.','1','43');
REPLACE INTO tasks(id,title,description,status_id,creator_id) VALUES ('17','phá mây núi','Nón thương tím.
Ba thuyền giết là không phá mây là anh tôi.
Lầu bè chết xe tô áo nhà được.
Kim khâu ba tàu việc nhà mười.','9','18');
REPLACE INTO tasks(id,title,description,status_id,creator_id) VALUES ('18','vá thì vẽ','Tím biển tủ ba.
Hết tô bàn kim cái.
Con kim đồng phá chìm sáu mây năm á kim.
Lầu chỉ việc hết ba đâu.
Trăng máy ghét tôi em bạn mượn vàng.','9','27');
REPLACE INTO tasks(id,title,description,status_id,creator_id) VALUES ('19','đánh hương tím','Xanh tô ừ.
Đập đang phá tàu đồng bảy.','5','1');
REPLACE INTO tasks(id,title,description,status_id,creator_id) VALUES ('20','đã giết hết','Nón leo lầu mây ờ vẽ vá hết thích hàng.','2','2');
REPLACE INTO tasks(id,title,description,status_id,creator_id) VALUES ('21','núi chỉ tôi','Nước cái việc thích một nhà lỗi độc bơi được.
Bè núi hàng cái vẽ lỗi.
Cái hương nhà tui bạn ghét mua may.
Thích mười gì thích.','9','36');
REPLACE INTO tasks(id,title,description,status_id,creator_id) VALUES ('22','nha chỉ ờ','Đạp kim dép áo hóa bàn.','8','27');
REPLACE INTO tasks(id,title,description,status_id,creator_id) VALUES ('23','nhà đang chìm','Bàn khoảng bốn viết trời ghét đâu tui.
Đạp nha thôi.
Đỏ chết tím.
Mười đã quê quê khâu núi chết.','9','48');
REPLACE INTO tasks(id,title,description,status_id,creator_id) VALUES ('24','bàn con vá','Tô tám phá chìm hàng đạp.
Hai viết tím thương.
Đồng biết anh mượn hết nón.
Ba viết lầu ghét tủ trăng.
Quần vàng đạp ruộng.','3','19');
REPLACE INTO tasks(id,title,description,status_id,creator_id) VALUES ('25','áo thì vá','Bơi khoan chết.
Leo việc bạn áo xe.
Chín trăng đang phá biển.
Tô nhà tím bè đã được cái.','1','18');
REPLACE INTO tasks(id,title,description,status_id,creator_id) VALUES ('26','hương nón gì','Xanh thế ác quê thương phá nghỉ bốn giày.
Cái cửa tím mượn thuê.
Ghét tui hàng ừ tô bàn.','4','15');
REPLACE INTO tasks(id,title,description,status_id,creator_id) VALUES ('27','nước viết đâu','Đá nghỉ khoảng con việc.
Ghế thuyền máy ruộng thương thuê biết gió nón bơi.
Là bảy bảy thì cái ghét được.
Vá gió xanh đánh ruộng thuê thế tủ.
Xuồng em năm dép máy con ngọt ác gió lầu.','2','22');
REPLACE INTO tasks(id,title,description,status_id,creator_id) VALUES ('28','đồng việc đạp','Ừ gió chỉ.
Leo tàu bè ghét ghế gió đồng tui đâu.
Viết thuê lầu thích thương thuê ghét.
Mướn mây tui nhà một xanh nước năm bảy.','3','25');
REPLACE INTO tasks(id,title,description,status_id,creator_id) VALUES ('29','bơi đồng đạp','Chỉ thuê ruộng việc ba ờ vẽ hết đâu chỉ.','8','18');
REPLACE INTO tasks(id,title,description,status_id,creator_id) VALUES ('30','xe giày mượn','Tím đập nha leo.','8','3');

---task_details---
REPLACE INTO task_details(id,receiver_id,task_id) VALUES (1,35,1);
REPLACE INTO task_details(id,receiver_id,task_id) VALUES (1,44,1);
REPLACE INTO task_details(id,receiver_id,task_id) VALUES (1,17,1);
REPLACE INTO task_details(id,receiver_id,task_id) VALUES (2,33,2);
REPLACE INTO task_details(id,receiver_id,task_id) VALUES (2,4,2);
REPLACE INTO task_details(id,receiver_id,task_id) VALUES (2,44,2);
REPLACE INTO task_details(id,receiver_id,task_id) VALUES (3,21,3);
REPLACE INTO task_details(id,receiver_id,task_id) VALUES (3,45,3);
REPLACE INTO task_details(id,receiver_id,task_id) VALUES (3,18,3);
REPLACE INTO task_details(id,receiver_id,task_id) VALUES (4,38,4);
REPLACE INTO task_details(id,receiver_id,task_id) VALUES (4,26,4);
REPLACE INTO task_details(id,receiver_id,task_id) VALUES (4,21,4);
REPLACE INTO task_details(id,receiver_id,task_id) VALUES (5,7,5);
REPLACE INTO task_details(id,receiver_id,task_id) VALUES (5,36,5);
REPLACE INTO task_details(id,receiver_id,task_id) VALUES (5,37,5);
REPLACE INTO task_details(id,receiver_id,task_id) VALUES (6,6,6);
REPLACE INTO task_details(id,receiver_id,task_id) VALUES (6,27,6);
REPLACE INTO task_details(id,receiver_id,task_id) VALUES (6,9,6);
REPLACE INTO task_details(id,receiver_id,task_id) VALUES (7,1,7);
REPLACE INTO task_details(id,receiver_id,task_id) VALUES (7,35,7);
REPLACE INTO task_details(id,receiver_id,task_id) VALUES (7,18,7);
REPLACE INTO task_details(id,receiver_id,task_id) VALUES (8,34,8);
REPLACE INTO task_details(id,receiver_id,task_id) VALUES (8,23,8);
REPLACE INTO task_details(id,receiver_id,task_id) VALUES (8,42,8);
REPLACE INTO task_details(id,receiver_id,task_id) VALUES (9,8,9);
REPLACE INTO task_details(id,receiver_id,task_id) VALUES (9,13,9);
REPLACE INTO task_details(id,receiver_id,task_id) VALUES (9,9,9);
REPLACE INTO task_details(id,receiver_id,task_id) VALUES (10,4,10);
REPLACE INTO task_details(id,receiver_id,task_id) VALUES (10,19,10);
REPLACE INTO task_details(id,receiver_id,task_id) VALUES (10,15,10);
REPLACE INTO task_details(id,receiver_id,task_id) VALUES (11,45,11);
REPLACE INTO task_details(id,receiver_id,task_id) VALUES (11,16,11);
REPLACE INTO task_details(id,receiver_id,task_id) VALUES (11,6,11);
REPLACE INTO task_details(id,receiver_id,task_id) VALUES (12,9,12);
REPLACE INTO task_details(id,receiver_id,task_id) VALUES (12,1,12);
REPLACE INTO task_details(id,receiver_id,task_id) VALUES (12,43,12);
REPLACE INTO task_details(id,receiver_id,task_id) VALUES (13,18,13);
REPLACE INTO task_details(id,receiver_id,task_id) VALUES (13,18,13);
REPLACE INTO task_details(id,receiver_id,task_id) VALUES (13,24,13);
REPLACE INTO task_details(id,receiver_id,task_id) VALUES (14,47,14);
REPLACE INTO task_details(id,receiver_id,task_id) VALUES (14,8,14);
REPLACE INTO task_details(id,receiver_id,task_id) VALUES (14,17,14);
REPLACE INTO task_details(id,receiver_id,task_id) VALUES (15,27,15);
REPLACE INTO task_details(id,receiver_id,task_id) VALUES (15,27,15);
REPLACE INTO task_details(id,receiver_id,task_id) VALUES (15,26,15);
REPLACE INTO task_details(id,receiver_id,task_id) VALUES (16,1,16);
REPLACE INTO task_details(id,receiver_id,task_id) VALUES (16,19,16);
REPLACE INTO task_details(id,receiver_id,task_id) VALUES (16,9,16);
REPLACE INTO task_details(id,receiver_id,task_id) VALUES (17,2,17);
REPLACE INTO task_details(id,receiver_id,task_id) VALUES (17,44,17);
REPLACE INTO task_details(id,receiver_id,task_id) VALUES (17,15,17);
REPLACE INTO task_details(id,receiver_id,task_id) VALUES (18,20,18);
REPLACE INTO task_details(id,receiver_id,task_id) VALUES (18,16,18);
REPLACE INTO task_details(id,receiver_id,task_id) VALUES (18,32,18);
REPLACE INTO task_details(id,receiver_id,task_id) VALUES (19,27,19);
REPLACE INTO task_details(id,receiver_id,task_id) VALUES (19,12,19);
REPLACE INTO task_details(id,receiver_id,task_id) VALUES (19,41,19);
REPLACE INTO task_details(id,receiver_id,task_id) VALUES (20,12,20);
REPLACE INTO task_details(id,receiver_id,task_id) VALUES (20,2,20);
REPLACE INTO task_details(id,receiver_id,task_id) VALUES (20,2,20);
REPLACE INTO task_details(id,receiver_id,task_id) VALUES (21,27,21);
REPLACE INTO task_details(id,receiver_id,task_id) VALUES (21,11,21);
REPLACE INTO task_details(id,receiver_id,task_id) VALUES (21,19,21);
REPLACE INTO task_details(id,receiver_id,task_id) VALUES (22,16,22);
REPLACE INTO task_details(id,receiver_id,task_id) VALUES (22,39,22);
REPLACE INTO task_details(id,receiver_id,task_id) VALUES (22,41,22);
REPLACE INTO task_details(id,receiver_id,task_id) VALUES (23,36,23);
REPLACE INTO task_details(id,receiver_id,task_id) VALUES (23,35,23);
REPLACE INTO task_details(id,receiver_id,task_id) VALUES (23,25,23);
REPLACE INTO task_details(id,receiver_id,task_id) VALUES (24,10,24);
REPLACE INTO task_details(id,receiver_id,task_id) VALUES (24,14,24);
REPLACE INTO task_details(id,receiver_id,task_id) VALUES (24,10,24);
REPLACE INTO task_details(id,receiver_id,task_id) VALUES (25,14,25);
REPLACE INTO task_details(id,receiver_id,task_id) VALUES (25,15,25);
REPLACE INTO task_details(id,receiver_id,task_id) VALUES (25,46,25);
REPLACE INTO task_details(id,receiver_id,task_id) VALUES (26,25,26);
REPLACE INTO task_details(id,receiver_id,task_id) VALUES (26,31,26);
REPLACE INTO task_details(id,receiver_id,task_id) VALUES (26,1,26);
REPLACE INTO task_details(id,receiver_id,task_id) VALUES (27,1,27);
REPLACE INTO task_details(id,receiver_id,task_id) VALUES (27,6,27);
REPLACE INTO task_details(id,receiver_id,task_id) VALUES (27,14,27);
REPLACE INTO task_details(id,receiver_id,task_id) VALUES (28,16,28);
REPLACE INTO task_details(id,receiver_id,task_id) VALUES (28,13,28);
REPLACE INTO task_details(id,receiver_id,task_id) VALUES (28,6,28);
REPLACE INTO task_details(id,receiver_id,task_id) VALUES (29,26,29);
REPLACE INTO task_details(id,receiver_id,task_id) VALUES (29,28,29);
REPLACE INTO task_details(id,receiver_id,task_id) VALUES (29,8,29);
REPLACE INTO task_details(id,receiver_id,task_id) VALUES (30,40,30);
REPLACE INTO task_details(id,receiver_id,task_id) VALUES (30,34,30);
REPLACE INTO task_details(id,receiver_id,task_id) VALUES (30,15,30);

---proposal_types---
REPLACE INTO proposal_types(id,name) VALUES ('1','Đăng ký sửa chữa');
REPLACE INTO proposal_types(id,name) VALUES ('2','Đề xuất mua hàng');
---proposal_type_details---
REPLACE INTO proposal_type_details(id,proposal_types_id,field_name,data_type_id) VALUES ('1','1','Mục đích/Lý do','1');
REPLACE INTO proposal_type_details(id,proposal_types_id,field_name,data_type_id) VALUES ('2','1','Tình trạng hư hỏng','2');
REPLACE INTO proposal_type_details(id,proposal_types_id,field_name,data_type_id) VALUES ('3','1','Số phòng','1');
REPLACE INTO proposal_type_details(id,proposal_types_id,field_name,data_type_id) VALUES ('4','1','Ghi chú','2');
REPLACE INTO proposal_type_details(id,proposal_types_id,field_name,data_type_id) VALUES ('5','2','Mục đích/Lý do','1');
REPLACE INTO proposal_type_details(id,proposal_types_id,field_name,data_type_id) VALUES ('6','2','Tên vật tư','1');
REPLACE INTO proposal_type_details(id,proposal_types_id,field_name,data_type_id) VALUES ('7','2','Số lượng','1');
REPLACE INTO proposal_type_details(id,proposal_types_id,field_name,data_type_id) VALUES ('8','2','Đơn gía','1');
---approval_steps---
REPLACE INTO approval_steps(id,approval_step_name,approval_step_index,proposal_type_id) VALUES (1,'Phê duyệt',1,1);
REPLACE INTO approval_steps(id,approval_step_name,approval_step_index,proposal_type_id) VALUES (2,'Kế toán',1,2);
---positions---
REPLACE INTO positions(id,name,department_id,is_manager,role_id) VALUES ('1','Thành viên ban quản lý KTX','1',true,1);
REPLACE INTO positions(id,name,department_id,is_manager,role_id) VALUES ('2','Giám thị','1',false,2);
REPLACE INTO positions(id,name,department_id,is_manager,role_id) VALUES ('3','Kế toán','1',false,3);
REPLACE INTO positions(id,name,department_id,is_manager,role_id) VALUES ('4','Trưởng đội 1','2',true,4);
REPLACE INTO positions(id,name,department_id,is_manager,role_id) VALUES ('5','Thành viên','3',false,5);
REPLACE INTO positions(id,name,department_id,is_manager,role_id) VALUES ('6','Hỗ trợ trưởng tầng','4',false,5);
REPLACE INTO positions(id,name,department_id,is_manager,role_id) VALUES ('7','Trưởng tầng 1','4',true,6);
REPLACE INTO positions(id,name,department_id,is_manager,role_id) VALUES ('8','Trưởng phòng sinh viên tầng 1','4',false,5);
REPLACE INTO positions(id,name,department_id,is_manager,role_id) VALUES ('9','Hỗ trợ trưởng tầng','5',false,5);
REPLACE INTO positions(id,name,department_id,is_manager,role_id) VALUES ('10','Trưởng tầng 2','5',true,6);
REPLACE INTO positions(id,name,department_id,is_manager,role_id) VALUES ('11','Trưởng phòng sinh viên tầng 2','5',false,5);
REPLACE INTO positions(id,name,department_id,is_manager,role_id) VALUES ('12','Hỗ trợ trưởng tầng','6',false,5);
REPLACE INTO positions(id,name,department_id,is_manager,role_id) VALUES ('13','Trưởng tầng 3','6',true,6);
REPLACE INTO positions(id,name,department_id,is_manager,role_id) VALUES ('14','Trưởng phòng sinh viên tầng 3','6',false,5);
REPLACE INTO positions(id,name,department_id,is_manager,role_id) VALUES ('15','Hỗ trợ trưởng tầng','7',false,5);
REPLACE INTO positions(id,name,department_id,is_manager,role_id) VALUES ('16','Trưởng tầng trệt','7',true,6);
REPLACE INTO positions(id,name,department_id,is_manager,role_id) VALUES ('17','Trưởng phòng sinh viên tầng trệt','7',false,5);
REPLACE INTO positions(id,name,department_id,is_manager,role_id) VALUES ('18','Thành viên','8',false,5);
REPLACE INTO positions(id,name,department_id,is_manager,role_id) VALUES ('19','Trưởng đội 2','8',true,7);
---positions_employees---
REPLACE INTO positions_employees(employee_id,position_id) VALUES ('1','17');
REPLACE INTO positions_employees(employee_id,position_id) VALUES ('1','17');
REPLACE INTO positions_employees(employee_id,position_id) VALUES ('1','17');
REPLACE INTO positions_employees(employee_id,position_id) VALUES ('1','17');
REPLACE INTO positions_employees(employee_id,position_id) VALUES ('1','17');
REPLACE INTO positions_employees(employee_id,position_id) VALUES ('1','17');
REPLACE INTO positions_employees(employee_id,position_id) VALUES ('1','17');
REPLACE INTO positions_employees(employee_id,position_id) VALUES ('1','17');
REPLACE INTO positions_employees(employee_id,position_id) VALUES ('1','17');
REPLACE INTO positions_employees(employee_id,position_id) VALUES ('1','17');
REPLACE INTO positions_employees(employee_id,position_id) VALUES ('1','17');
REPLACE INTO positions_employees(employee_id,position_id) VALUES ('1','17');
REPLACE INTO positions_employees(employee_id,position_id) VALUES ('1','17');
REPLACE INTO positions_employees(employee_id,position_id) VALUES ('1','17');
REPLACE INTO positions_employees(employee_id,position_id) VALUES ('1','17');
REPLACE INTO positions_employees(employee_id,position_id) VALUES ('1','17');
REPLACE INTO positions_employees(employee_id,position_id) VALUES ('1','17');
REPLACE INTO positions_employees(employee_id,position_id) VALUES ('1','17');
REPLACE INTO positions_employees(employee_id,position_id) VALUES ('1','17');
REPLACE INTO positions_employees(employee_id,position_id) VALUES ('1','17');
REPLACE INTO positions_employees(employee_id,position_id) VALUES ('15','8');
REPLACE INTO positions_employees(employee_id,position_id) VALUES ('17','8');
REPLACE INTO positions_employees(employee_id,position_id) VALUES ('12','8');
REPLACE INTO positions_employees(employee_id,position_id) VALUES ('2','8');
REPLACE INTO positions_employees(employee_id,position_id) VALUES ('4','8');
REPLACE INTO positions_employees(employee_id,position_id) VALUES ('7','8');
REPLACE INTO positions_employees(employee_id,position_id) VALUES ('11','8');
REPLACE INTO positions_employees(employee_id,position_id) VALUES ('5','8');
REPLACE INTO positions_employees(employee_id,position_id) VALUES ('3','8');
REPLACE INTO positions_employees(employee_id,position_id) VALUES ('1','8');
REPLACE INTO positions_employees(employee_id,position_id) VALUES ('15','8');
REPLACE INTO positions_employees(employee_id,position_id) VALUES ('17','8');
REPLACE INTO positions_employees(employee_id,position_id) VALUES ('12','8');
REPLACE INTO positions_employees(employee_id,position_id) VALUES ('2','8');
REPLACE INTO positions_employees(employee_id,position_id) VALUES ('4','8');
REPLACE INTO positions_employees(employee_id,position_id) VALUES ('7','8');
REPLACE INTO positions_employees(employee_id,position_id) VALUES ('11','8');
REPLACE INTO positions_employees(employee_id,position_id) VALUES ('5','8');
REPLACE INTO positions_employees(employee_id,position_id) VALUES ('3','8');
REPLACE INTO positions_employees(employee_id,position_id) VALUES ('1','8');
REPLACE INTO positions_employees(employee_id,position_id) VALUES ('8','11');
REPLACE INTO positions_employees(employee_id,position_id) VALUES ('1','11');
REPLACE INTO positions_employees(employee_id,position_id) VALUES ('2','11');
REPLACE INTO positions_employees(employee_id,position_id) VALUES ('3','11');
REPLACE INTO positions_employees(employee_id,position_id) VALUES ('3','11');
REPLACE INTO positions_employees(employee_id,position_id) VALUES ('2','11');
REPLACE INTO positions_employees(employee_id,position_id) VALUES ('2','11');
REPLACE INTO positions_employees(employee_id,position_id) VALUES ('1','11');
REPLACE INTO positions_employees(employee_id,position_id) VALUES ('1','11');
REPLACE INTO positions_employees(employee_id,position_id) VALUES ('1','11');
REPLACE INTO positions_employees(employee_id,position_id) VALUES ('8','11');
REPLACE INTO positions_employees(employee_id,position_id) VALUES ('1','11');
REPLACE INTO positions_employees(employee_id,position_id) VALUES ('2','11');
REPLACE INTO positions_employees(employee_id,position_id) VALUES ('3','11');
REPLACE INTO positions_employees(employee_id,position_id) VALUES ('3','11');
REPLACE INTO positions_employees(employee_id,position_id) VALUES ('2','11');
REPLACE INTO positions_employees(employee_id,position_id) VALUES ('2','11');
REPLACE INTO positions_employees(employee_id,position_id) VALUES ('1','11');
REPLACE INTO positions_employees(employee_id,position_id) VALUES ('1','11');
REPLACE INTO positions_employees(employee_id,position_id) VALUES ('1','11');
REPLACE INTO positions_employees(employee_id,position_id) VALUES ('1','14');
REPLACE INTO positions_employees(employee_id,position_id) VALUES ('1','14');
REPLACE INTO positions_employees(employee_id,position_id) VALUES ('1','14');
REPLACE INTO positions_employees(employee_id,position_id) VALUES ('1','14');
REPLACE INTO positions_employees(employee_id,position_id) VALUES ('1','14');
REPLACE INTO positions_employees(employee_id,position_id) VALUES ('1','14');
REPLACE INTO positions_employees(employee_id,position_id) VALUES ('1','14');
REPLACE INTO positions_employees(employee_id,position_id) VALUES ('1','14');
REPLACE INTO positions_employees(employee_id,position_id) VALUES ('1','14');
REPLACE INTO positions_employees(employee_id,position_id) VALUES ('1','14');
REPLACE INTO positions_employees(employee_id,position_id) VALUES ('1','14');
REPLACE INTO positions_employees(employee_id,position_id) VALUES ('1','14');
REPLACE INTO positions_employees(employee_id,position_id) VALUES ('1','14');
REPLACE INTO positions_employees(employee_id,position_id) VALUES ('1','14');
REPLACE INTO positions_employees(employee_id,position_id) VALUES ('1','14');
REPLACE INTO positions_employees(employee_id,position_id) VALUES ('1','14');
REPLACE INTO positions_employees(employee_id,position_id) VALUES ('1','14');
REPLACE INTO positions_employees(employee_id,position_id) VALUES ('1','14');
REPLACE INTO positions_employees(employee_id,position_id) VALUES ('1','14');
REPLACE INTO positions_employees(employee_id,position_id) VALUES ('1','14');
REPLACE INTO positions_employees(employee_id,position_id) VALUES ('41','1');
REPLACE INTO positions_employees(employee_id,position_id) VALUES ('42','3');
REPLACE INTO positions_employees(employee_id,position_id) VALUES ('43','4');
REPLACE INTO positions_employees(employee_id,position_id) VALUES ('45','10');
REPLACE INTO positions_employees(employee_id,position_id) VALUES ('46','13');
REPLACE INTO positions_employees(employee_id,position_id) VALUES ('47','16');
REPLACE INTO positions_employees(employee_id,position_id) VALUES ('48','19');
---proposals_permissions---
REPLACE INTO proposals_permissions(id,proposal_type_id,employee_id) VALUES ('1','2','41');
REPLACE INTO proposals_permissions(id,proposal_type_id,employee_id) VALUES ('2','2','43');
---approval_step_details---
REPLACE INTO approval_step_details(id,approval_step_id,position_id) VALUES (1,1,16);
REPLACE INTO approval_step_details(id,approval_step_id,position_id) VALUES (2,1,7);
REPLACE INTO approval_step_details(id,approval_step_id,position_id) VALUES (3,1,10);
REPLACE INTO approval_step_details(id,approval_step_id,position_id) VALUES (3,1,13);
---proposals---
REPLACE INTO proposals(id,proposal_type_id,creator_id,status_id) VALUES ('1','1','30','1');
REPLACE INTO proposals(id,proposal_type_id,creator_id,status_id) VALUES ('2','1','32','1');
REPLACE INTO proposals(id,proposal_type_id,creator_id,status_id) VALUES ('3','1','20','1');
REPLACE INTO proposals(id,proposal_type_id,creator_id,status_id) VALUES ('4','1','28','1');
REPLACE INTO proposals(id,proposal_type_id,creator_id,status_id) VALUES ('5','1','8','1');
REPLACE INTO proposals(id,proposal_type_id,creator_id,status_id) VALUES ('7','1','23','1');
REPLACE INTO proposals(id,proposal_type_id,creator_id,status_id) VALUES ('8','1','5','1');
REPLACE INTO proposals(id,proposal_type_id,creator_id,status_id) VALUES ('9','1','11','1');
REPLACE INTO proposals(id,proposal_type_id,creator_id,status_id) VALUES ('10','1','36','1');
REPLACE INTO proposals(id,proposal_type_id,creator_id,status_id) VALUES ('11','1','31','1');
REPLACE INTO proposals(id,proposal_type_id,creator_id,status_id) VALUES ('12','1','36','1');
REPLACE INTO proposals(id,proposal_type_id,creator_id,status_id) VALUES ('13','1','40','1');
REPLACE INTO proposals(id,proposal_type_id,creator_id,status_id) VALUES ('14','1','34','1');
REPLACE INTO proposals(id,proposal_type_id,creator_id,status_id) VALUES ('15','1','5','1');
REPLACE INTO proposals(id,proposal_type_id,creator_id,status_id) VALUES ('16','1','15','1');
REPLACE INTO proposals(id,proposal_type_id,creator_id,status_id) VALUES ('17','1','12','1');
REPLACE INTO proposals(id,proposal_type_id,creator_id,status_id) VALUES ('18','1','6','1');
REPLACE INTO proposals(id,proposal_type_id,creator_id,status_id) VALUES ('20','1','17','1');
REPLACE INTO proposals(id,proposal_type_id,creator_id,status_id) VALUES ('21','1','20','1');
REPLACE INTO proposals(id,proposal_type_id,creator_id,status_id) VALUES ('22','1','6','1');
REPLACE INTO proposals(id,proposal_type_id,creator_id,status_id) VALUES ('23','1','27','1');
REPLACE INTO proposals(id,proposal_type_id,creator_id,status_id) VALUES ('24','1','15','1');
REPLACE INTO proposals(id,proposal_type_id,creator_id,status_id) VALUES ('25','1','12','1');
REPLACE INTO proposals(id,proposal_type_id,creator_id,status_id) VALUES ('26','1','11','1');
REPLACE INTO proposals(id,proposal_type_id,creator_id,status_id) VALUES ('27','1','29','1');
REPLACE INTO proposals(id,proposal_type_id,creator_id,status_id) VALUES ('28','1','27','1');
REPLACE INTO proposals(id,proposal_type_id,creator_id,status_id) VALUES ('29','1','22','1');
REPLACE INTO proposals(id,proposal_type_id,creator_id,status_id) VALUES ('30','1','30','1');
---proposal_details---
REPLACE INTO proposal_details(id,proposal_id,field_id,content) VALUES ('1','1','1','May đã thôi bảy mướn xanh dép áo vàng quê.');
REPLACE INTO proposal_details(id,proposal_id,field_id,content) VALUES ('2','1','2','Kim nón kim thôi.');
REPLACE INTO proposal_details(id,proposal_id,field_id,content) VALUES ('3','1','3','19240');
REPLACE INTO proposal_details(id,proposal_id,field_id,content) VALUES ('4','1','4','Nước biết cửa bè phá làm tám.
Được ngọt quê tám ghét được biết.');
REPLACE INTO proposal_details(id,proposal_id,field_id,content) VALUES ('5','2','1','Chìm năm tôi leo giết đồng chìm đâu.');
REPLACE INTO proposal_details(id,proposal_id,field_id,content) VALUES ('6','2','2','Đâu thương biển.
Bàn một độc mua thôi khâu chín.');
REPLACE INTO proposal_details(id,proposal_id,field_id,content) VALUES ('7','2','3','24725');
REPLACE INTO proposal_details(id,proposal_id,field_id,content) VALUES ('8','2','4','Quần thôi giết nước bạn lỗi hết núi đập.');
REPLACE INTO proposal_details(id,proposal_id,field_id,content) VALUES ('9','3','1','Yêu gì khoảng.');
REPLACE INTO proposal_details(id,proposal_id,field_id,content) VALUES ('10','3','2','Em thương leo gió lỗi cửa mười cái.
Áo ờ máy xuồng.
Hai hàng ghét yêu.');
REPLACE INTO proposal_details(id,proposal_id,field_id,content) VALUES ('11','3','3','15672');
REPLACE INTO proposal_details(id,proposal_id,field_id,content) VALUES ('12','3','4','Anh ghế khoảng vẽ gió.
Anh được ác khoan áo xuồng độc trăng chết.
Ruộng bơi hết giày khoan áo á thế yêu việc.
Đá mướn đá đang sáu xuồng gió hàng đỏ được.
Vẽ nước sáu nước anh núi đánh nha.');
REPLACE INTO proposal_details(id,proposal_id,field_id,content) VALUES ('13','4','1','Đạp mướn độc.');
REPLACE INTO proposal_details(id,proposal_id,field_id,content) VALUES ('14','4','2','Ruộng chỉ thì.
Hai thuê đâu trăng khoảng mượn cửa sáu ờ.
Á độc hương ác độc máy hóa.
Sáu vá tôi lầu.');
REPLACE INTO proposal_details(id,proposal_id,field_id,content) VALUES ('15','4','3','9167');
REPLACE INTO proposal_details(id,proposal_id,field_id,content) VALUES ('16','4','4','Quần thuyền yêu khâu bốn yêu hàng á bàn đang.
Đỏ xanh vẽ mây biết năm nhà giày vẽ phá.');
REPLACE INTO proposal_details(id,proposal_id,field_id,content) VALUES ('17','5','1','Hết nha nha khoảng.');
REPLACE INTO proposal_details(id,proposal_id,field_id,content) VALUES ('18','5','2','Đâu may máy yêu.
Xuồng làm thì đang trăng kim yêu ghét.');
REPLACE INTO proposal_details(id,proposal_id,field_id,content) VALUES ('19','5','3','9700');
REPLACE INTO proposal_details(id,proposal_id,field_id,content) VALUES ('20','5','4','Viết áo nhà nước.
Mượn thôi bốn máy tàu thích khoan viết leo.
Hai một hết may viết ghét quê.
Hàng độc gì mướn sáu trời.');
REPLACE INTO proposal_details(id,proposal_id,field_id,content) VALUES ('21','6','1','Ờ thôi không ruộng hai.');
REPLACE INTO proposal_details(id,proposal_id,field_id,content) VALUES ('22','6','2','Mười viết tô vẽ.
Việc mười đánh tô biết cái khâu.
Khâu tôi vàng á thương thì cửa chín tám.');
REPLACE INTO proposal_details(id,proposal_id,field_id,content) VALUES ('23','6','3','1142');
REPLACE INTO proposal_details(id,proposal_id,field_id,content) VALUES ('24','6','4','Giày thuyền máy thế nghỉ đâu ba.
Gió thôi xe nha ác kim khâu.');
REPLACE INTO proposal_details(id,proposal_id,field_id,content) VALUES ('25','7','1','Bàn bơi bơi thích đánh ghế xanh.');
REPLACE INTO proposal_details(id,proposal_id,field_id,content) VALUES ('26','7','2','Hết tủ ngọt bơi ba ghét nhà mười ghế.
Bảy thế khâu không tôi làm thuê.
Mười chín em tám hết thì núi đập núi bốn.
Hết đỏ đánh đã yêu gì thương hết cửa.');
REPLACE INTO proposal_details(id,proposal_id,field_id,content) VALUES ('27','7','3','32009');
REPLACE INTO proposal_details(id,proposal_id,field_id,content) VALUES ('28','7','4','Leo áo quần.
Đá áo tô một gì hai không mây gió nón.
Mướn tím khoảng may tàu hương tô vàng.
Kim thương giày làm đập yêu việc nhà mua.
Thế khâu làm làm ừ thuyền việc may đánh tủ.');
REPLACE INTO proposal_details(id,proposal_id,field_id,content) VALUES ('29','8','1','Thuyền ừ thuê.');
REPLACE INTO proposal_details(id,proposal_id,field_id,content) VALUES ('30','8','2','Núi việc cái tủ mười khâu.');
REPLACE INTO proposal_details(id,proposal_id,field_id,content) VALUES ('31','8','3','32509');
REPLACE INTO proposal_details(id,proposal_id,field_id,content) VALUES ('32','8','4','Thì giết bơi biết cái leo đỏ chín bảy mua.
Quê quần giết bạn em.');
REPLACE INTO proposal_details(id,proposal_id,field_id,content) VALUES ('33','9','1','Thích phá hết.');
REPLACE INTO proposal_details(id,proposal_id,field_id,content) VALUES ('34','9','2','Khâu đá bơi viết cửa tám.
Á con gió.
Cửa áo tàu bảy yêu á em lỗi xuồng.
Tôi đạp mua tô đã ờ.');
REPLACE INTO proposal_details(id,proposal_id,field_id,content) VALUES ('35','9','3','3384');
REPLACE INTO proposal_details(id,proposal_id,field_id,content) VALUES ('36','9','4','Quê hóa lỗi lỗi hóa không kim bè viết anh.
Đồng ác thích chỉ.
Con biết phá việc ác không xe hết tám yêu.');
REPLACE INTO proposal_details(id,proposal_id,field_id,content) VALUES ('37','10','1','Trăng chết thuê xuồng sáu chìm vẽ hết.');
REPLACE INTO proposal_details(id,proposal_id,field_id,content) VALUES ('38','10','2','Đập gì bảy viết thuyền ừ máy yêu.
Giày ờ leo tôi việc bốn bạn ba.
Hương đang nhà ác anh viết tàu bơi.
Xuồng tím ừ.');
REPLACE INTO proposal_details(id,proposal_id,field_id,content) VALUES ('39','10','3','15695');
REPLACE INTO proposal_details(id,proposal_id,field_id,content) VALUES ('40','10','4','Đâu bốn hai thuyền bè may việc.
Vàng ruộng ba ruộng máy anh thế.
Mười dép chỉ viết bảy ngọt bảy vàng mua.
Mượn lầu leo khoảng đỏ trời ba năm.');
REPLACE INTO proposal_details(id,proposal_id,field_id,content) VALUES ('41','11','1','Quần con xanh kim hai.');
REPLACE INTO proposal_details(id,proposal_id,field_id,content) VALUES ('42','11','2','Xanh con lầu hết nón trời là.
Quê á may đập thế không lỗi ba.
Tàu tô hết.
Viết yêu thích cửa bạn nước đồng vẽ nón đập.');
REPLACE INTO proposal_details(id,proposal_id,field_id,content) VALUES ('43','11','3','22344');
REPLACE INTO proposal_details(id,proposal_id,field_id,content) VALUES ('44','11','4','Lỗi tím tủ giày viết.
Mượn anh quê bàn.
Yêu lầu ừ quê.
Anh anh tàu tím thuê tàu nước.
Á ba quê.');
REPLACE INTO proposal_details(id,proposal_id,field_id,content) VALUES ('45','12','1','Làm em mây bàn đã thương ác tủ mây ghét.');
REPLACE INTO proposal_details(id,proposal_id,field_id,content) VALUES ('46','12','2','Xanh thế một tàu giày.
Tui nha khoan vàng biết quần vẽ thế đá.');
REPLACE INTO proposal_details(id,proposal_id,field_id,content) VALUES ('47','12','3','21691');
REPLACE INTO proposal_details(id,proposal_id,field_id,content) VALUES ('48','12','4','Máy ruộng nhà sáu máy nghỉ.');
REPLACE INTO proposal_details(id,proposal_id,field_id,content) VALUES ('49','13','1','Bè thế giày ừ ừ.');
REPLACE INTO proposal_details(id,proposal_id,field_id,content) VALUES ('50','13','2','Thôi độc hương hết độc yêu yêu biết.
Ghế bạn mây tàu ba chỉ chỉ.
Ác ác đá xuồng nước.
Đang ghét anh.
Gì vẽ bè xuồng gió.');
REPLACE INTO proposal_details(id,proposal_id,field_id,content) VALUES ('51','13','3','22600');
REPLACE INTO proposal_details(id,proposal_id,field_id,content) VALUES ('52','13','4','Quê nghỉ mướn máy dép vá ghét tám bơi trăng.
Cái thương bè lầu cái vàng thuê áo.
Mây bàn đồng.
Gì chết hết đang là.');
REPLACE INTO proposal_details(id,proposal_id,field_id,content) VALUES ('53','14','1','Thích ruộng hóa.');
REPLACE INTO proposal_details(id,proposal_id,field_id,content) VALUES ('54','14','2','Biển tui khoan chỉ hết tủ.');
REPLACE INTO proposal_details(id,proposal_id,field_id,content) VALUES ('55','14','3','32060');
REPLACE INTO proposal_details(id,proposal_id,field_id,content) VALUES ('56','14','4','Thì núi nón.
Đập quê việc tui.
Tui tím dép anh.');
REPLACE INTO proposal_details(id,proposal_id,field_id,content) VALUES ('57','15','1','Thì con ghét không đã gió.');
REPLACE INTO proposal_details(id,proposal_id,field_id,content) VALUES ('58','15','2','Độc một ờ.
Năm tôi thuyền bạn thuê độc em tám.
Anh một đang đánh.
Tôi mượn là ác là bạn mướn.');
REPLACE INTO proposal_details(id,proposal_id,field_id,content) VALUES ('59','15','3','7917');
REPLACE INTO proposal_details(id,proposal_id,field_id,content) VALUES ('60','15','4','Giết thuê gì nón gì tôi đồng lầu.');
REPLACE INTO proposal_details(id,proposal_id,field_id,content) VALUES ('61','16','1','Mây giết bè.');
REPLACE INTO proposal_details(id,proposal_id,field_id,content) VALUES ('62','16','2','Tôi thích mười đỏ.
Năm biết chết á sáu hàng một là.
Cái cửa sáu anh ác leo.');
REPLACE INTO proposal_details(id,proposal_id,field_id,content) VALUES ('63','16','3','24116');
REPLACE INTO proposal_details(id,proposal_id,field_id,content) VALUES ('64','16','4','Biển ruộng hết đạp xe mướn đánh thì đạp bạn.
Gì tàu đập vẽ.
Biết đâu ác em leo phá.
Nha sáu đồng khoảng.
Năm bạn là lỗi phá chìm khoảng quần mượn cửa.');
REPLACE INTO proposal_details(id,proposal_id,field_id,content) VALUES ('65','17','1','Đâu khoảng ruộng đồng bè ghế mây thuyền.');
REPLACE INTO proposal_details(id,proposal_id,field_id,content) VALUES ('66','17','2','Giày vàng tím trời khâu.
Tôi tám hàng ờ.
Tôi trời bảy tôi vẽ ừ tui nước.
Đâu biển bảy hóa.
Chết ghế leo vá ngọt.');
REPLACE INTO proposal_details(id,proposal_id,field_id,content) VALUES ('67','17','3','9360');
REPLACE INTO proposal_details(id,proposal_id,field_id,content) VALUES ('68','17','4','Biết xanh đạp kim leo mượn quần vẽ cái.');
REPLACE INTO proposal_details(id,proposal_id,field_id,content) VALUES ('69','18','1','Hàng sáu yêu biển.');
REPLACE INTO proposal_details(id,proposal_id,field_id,content) VALUES ('70','18','2','Gió viết trời áo áo núi bảy xanh.
Đánh đánh leo đá.
Hương leo ba tám ác giết tím.
Tám nón vá mười bốn bơi chìm mười tui.
Một nhà vá xanh khoan.');
REPLACE INTO proposal_details(id,proposal_id,field_id,content) VALUES ('71','18','3','16892');
REPLACE INTO proposal_details(id,proposal_id,field_id,content) VALUES ('72','18','4','Bàn mây tui được xanh ờ vẽ núi nhà.
Nón khâu ruộng núi dép.');
REPLACE INTO proposal_details(id,proposal_id,field_id,content) VALUES ('73','19','1','Thương đâu hàng.');
REPLACE INTO proposal_details(id,proposal_id,field_id,content) VALUES ('74','19','2','Áo tôi thuyền lỗi tui tôi nghỉ thôi nước.
Áo vá gió quê khoan lầu.
Núi nghỉ đỏ ngọt kim.
Đá khoảng kim là biển được bàn đỏ thương.
Bạn trăng bảy làm đánh bảy.');
REPLACE INTO proposal_details(id,proposal_id,field_id,content) VALUES ('75','19','3','6784');
REPLACE INTO proposal_details(id,proposal_id,field_id,content) VALUES ('76','19','4','Ờ đập vẽ là nhà lầu làm thương bàn.
Ờ thích nón.
Ruộng là ba.
Nhà là biết giết thuyền á hết thì.');
REPLACE INTO proposal_details(id,proposal_id,field_id,content) VALUES ('77','20','1','Làm đã vàng gió độc tím.');
REPLACE INTO proposal_details(id,proposal_id,field_id,content) VALUES ('78','20','2','Ghét mười trời.
Một là hết khoảng đang thích trăng.
Vá trời ruộng mướn.
Ba mây biết ruộng đạp khâu.');
REPLACE INTO proposal_details(id,proposal_id,field_id,content) VALUES ('79','20','3','28784');
REPLACE INTO proposal_details(id,proposal_id,field_id,content) VALUES ('80','20','4','Nước hàng tô tui đồng bốn anh vá.');
REPLACE INTO proposal_details(id,proposal_id,field_id,content) VALUES ('81','21','1','May thế ờ mười mướn tám hương.');
REPLACE INTO proposal_details(id,proposal_id,field_id,content) VALUES ('82','21','2','Tàu ba mượn nhà mướn tàu.
Ghế giết lầu nha.');
REPLACE INTO proposal_details(id,proposal_id,field_id,content) VALUES ('83','21','3','6061');
REPLACE INTO proposal_details(id,proposal_id,field_id,content) VALUES ('84','21','4','Hàng chín tui.
Xe chỉ anh bè hàng giết may mượn áo bảy.');
REPLACE INTO proposal_details(id,proposal_id,field_id,content) VALUES ('85','22','1','Chết sáu đồng.');
REPLACE INTO proposal_details(id,proposal_id,field_id,content) VALUES ('86','22','2','Chỉ đánh tàu xanh đánh một chín.
Bàn là đập là hàng.');
REPLACE INTO proposal_details(id,proposal_id,field_id,content) VALUES ('87','22','3','26266');
REPLACE INTO proposal_details(id,proposal_id,field_id,content) VALUES ('88','22','4','Ừ bè biển áo ờ tàu đạp được khâu.
Thôi mướn bạn được.
Dép vá ruộng vẽ phá.
Thương tím ruộng đập vá nghỉ.
Hết sáu nước.');
REPLACE INTO proposal_details(id,proposal_id,field_id,content) VALUES ('89','23','1','Em quê mười một chết mười làm ừ không.');
REPLACE INTO proposal_details(id,proposal_id,field_id,content) VALUES ('90','23','2','Tàu may cửa máy.');
REPLACE INTO proposal_details(id,proposal_id,field_id,content) VALUES ('91','23','3','16057');
REPLACE INTO proposal_details(id,proposal_id,field_id,content) VALUES ('92','23','4','Tám đỏ vá con thuê vẽ.
Là nước thuyền thương tím vàng hai núi.
Vàng ngọt nước bàn hàng.');
REPLACE INTO proposal_details(id,proposal_id,field_id,content) VALUES ('93','24','1','Làm đánh quê quần hết.');
REPLACE INTO proposal_details(id,proposal_id,field_id,content) VALUES ('94','24','2','Bàn hương máy mượn.
Giày kim chỉ lầu bảy cửa.
Hóa nước chết chìm nước chín.');
REPLACE INTO proposal_details(id,proposal_id,field_id,content) VALUES ('95','24','3','9911');
REPLACE INTO proposal_details(id,proposal_id,field_id,content) VALUES ('96','24','4','Đỏ hai đâu hết tàu ừ hết.
Nón khâu nón vẽ.
Trăng áo leo thương cửa tám biển thuyền gì thế.');
REPLACE INTO proposal_details(id,proposal_id,field_id,content) VALUES ('97','25','1','Thế ừ bốn năm thích viết xanh năm làm đánh.');
REPLACE INTO proposal_details(id,proposal_id,field_id,content) VALUES ('98','25','2','Trăng bảy nước anh xe núi.
Ghế tôi kim nha máy vá khâu.
Cửa khoan mây xe nhà thì nha vẽ tím nhà.');
REPLACE INTO proposal_details(id,proposal_id,field_id,content) VALUES ('99','25','3','30633');
REPLACE INTO proposal_details(id,proposal_id,field_id,content) VALUES ('100','25','4','Đánh yêu áo không đồng con.
Lỗi thế đá hết lỗi.
Thương xe lầu thì xe thích làm lầu thích đang.
Biển xe vá núi em bơi.
Hết thích sáu hết đã tô tôi thích.');
REPLACE INTO proposal_details(id,proposal_id,field_id,content) VALUES ('101','26','1','Xe năm giết chìm đồng.');
REPLACE INTO proposal_details(id,proposal_id,field_id,content) VALUES ('102','26','2','Bảy sáu mười mây tôi.
Đang áo bảy.
Mướn lầu đập gì nước chết nha đã.
Hai hương nghỉ cửa cái năm yêu máy sáu.');
REPLACE INTO proposal_details(id,proposal_id,field_id,content) VALUES ('103','26','3','9475');
REPLACE INTO proposal_details(id,proposal_id,field_id,content) VALUES ('104','26','4','Yêu phá tô nón nón là con.
Mười em đã bàn áo tám hương sáu.
Áo thương đá hóa ghét đạp em ừ đánh.');
REPLACE INTO proposal_details(id,proposal_id,field_id,content) VALUES ('105','27','1','Mướn thế quần.');
REPLACE INTO proposal_details(id,proposal_id,field_id,content) VALUES ('106','27','2','Biết vá hương khoan.');
REPLACE INTO proposal_details(id,proposal_id,field_id,content) VALUES ('107','27','3','32632');
REPLACE INTO proposal_details(id,proposal_id,field_id,content) VALUES ('108','27','4','Mười quê độc.');
REPLACE INTO proposal_details(id,proposal_id,field_id,content) VALUES ('109','28','1','Vá thuyền mây chỉ vá.');
REPLACE INTO proposal_details(id,proposal_id,field_id,content) VALUES ('110','28','2','Dép xuồng ờ xe vẽ ghét nước nha.
Ác chết đang ghét con tủ hàng.
Đang bàn thích đã em tôi ruộng làm nước ừ.');
REPLACE INTO proposal_details(id,proposal_id,field_id,content) VALUES ('111','28','3','11913');
REPLACE INTO proposal_details(id,proposal_id,field_id,content) VALUES ('112','28','4','Ghét gió làm nha khoan biển tám chín.
Lầu tím giày.
Ghét chìm biển.
Tôi biết xanh năm độc nước may viết không.
Hết độc tàu thích vàng quần nón anh.');
REPLACE INTO proposal_details(id,proposal_id,field_id,content) VALUES ('113','29','1','Đồng ừ chỉ.');
REPLACE INTO proposal_details(id,proposal_id,field_id,content) VALUES ('114','29','2','Thuê ờ con.');
REPLACE INTO proposal_details(id,proposal_id,field_id,content) VALUES ('115','29','3','27407');
REPLACE INTO proposal_details(id,proposal_id,field_id,content) VALUES ('116','29','4','Cái kim may đá ghét ừ leo.
Đập leo xuồng.
Ruộng hóa chết.
Cái bạn mượn nhà.
Đánh nghỉ vẽ biết anh yêu.');
REPLACE INTO proposal_details(id,proposal_id,field_id,content) VALUES ('117','30','1','May đâu ghế bè.');
REPLACE INTO proposal_details(id,proposal_id,field_id,content) VALUES ('118','30','2','Đâu chín giày.
Mây tám thế tàu nhà tui cửa.
Bạn đồng dép vẽ thích cửa biển tô đạp.
Ruộng nước ba biển xe tô máy thuyền đá thích.
Núi tô chìm quần hàng khoảng vẽ một.');
REPLACE INTO proposal_details(id,proposal_id,field_id,content) VALUES ('119','30','3','2602');
REPLACE INTO proposal_details(id,proposal_id,field_id,content) VALUES ('120','30','4','Mây độc tám hết lỗi bè đang ngọt đâu việc.');
