-- MySQL Script generated by MySQL Workbench
-- Mon Mar 28 23:45:04 2022
-- Model: New Model    Version: 1.0
-- MySQL Workbench Forward Engineering

SET @OLD_UNIQUE_CHECKS=@@UNIQUE_CHECKS, UNIQUE_CHECKS=0;
SET @OLD_FOREIGN_KEY_CHECKS=@@FOREIGN_KEY_CHECKS, FOREIGN_KEY_CHECKS=0;
SET @OLD_SQL_MODE=@@SQL_MODE, SQL_MODE='ONLY_FULL_GROUP_BY,STRICT_TRANS_TABLES,NO_ZERO_IN_DATE,NO_ZERO_DATE,ERROR_FOR_DIVISION_BY_ZERO,NO_ENGINE_SUBSTITUTION';

-- -----------------------------------------------------
-- Schema mydb
-- -----------------------------------------------------
-- -----------------------------------------------------
-- Schema cmd
-- -----------------------------------------------------
DROP SCHEMA IF EXISTS `cmd` ;

-- -----------------------------------------------------
-- Schema cmd
-- -----------------------------------------------------
CREATE SCHEMA IF NOT EXISTS `cmd` DEFAULT CHARACTER SET utf8 COLLATE utf8_unicode_ci ;
USE `cmd` ;

-- -----------------------------------------------------
-- Table `cmd`.`proposal_types`
-- -----------------------------------------------------
CREATE TABLE IF NOT EXISTS `cmd`.`proposal_types` (
  `id` INT NOT NULL AUTO_INCREMENT,
  `name` VARCHAR(45) CHARACTER SET 'utf8' COLLATE 'utf8_unicode_ci' NULL DEFAULT NULL,
  `active_flag` TINYINT NULL DEFAULT '1',
  PRIMARY KEY (`id`))
ENGINE = InnoDB
AUTO_INCREMENT = 3
DEFAULT CHARACTER SET = utf8
COLLATE = utf8_unicode_ci;


-- -----------------------------------------------------
-- Table `cmd`.`approval_steps`
-- -----------------------------------------------------
CREATE TABLE IF NOT EXISTS `cmd`.`approval_steps` (
  `id` INT NOT NULL AUTO_INCREMENT,
  `approval_step_name` VARCHAR(45) CHARACTER SET 'utf8' COLLATE 'utf8_unicode_ci' NULL DEFAULT NULL,
  `approval_step_index` VARCHAR(10) CHARACTER SET 'utf8' COLLATE 'utf8_unicode_ci' NULL DEFAULT NULL,
  `proposal_type_id` INT NOT NULL,
  PRIMARY KEY (`id`),
  INDEX `fk_approval_steps_proposal_types1_idx` (`proposal_type_id` ASC) VISIBLE,
  CONSTRAINT `fk_approval_steps_proposal_types1`
    FOREIGN KEY (`proposal_type_id`)
    REFERENCES `cmd`.`proposal_types` (`id`))
ENGINE = InnoDB
AUTO_INCREMENT = 3
DEFAULT CHARACTER SET = utf8
COLLATE = utf8_unicode_ci;


-- -----------------------------------------------------
-- Table `cmd`.`departments`
-- -----------------------------------------------------
CREATE TABLE IF NOT EXISTS `cmd`.`departments` (
  `id` INT NOT NULL AUTO_INCREMENT,
  `code` VARCHAR(10) CHARACTER SET 'utf8' COLLATE 'utf8_unicode_ci' NOT NULL,
  `name` VARCHAR(45) CHARACTER SET 'utf8' COLLATE 'utf8_unicode_ci' NULL DEFAULT NULL,
  `farther_department_id` INT NULL DEFAULT NULL,
  `manager_id` INT NULL DEFAULT NULL,
  `create_by` VARCHAR(45) CHARACTER SET 'utf8' COLLATE 'utf8_unicode_ci' NULL DEFAULT NULL,
  `modify_by` VARCHAR(45) CHARACTER SET 'utf8' COLLATE 'utf8_unicode_ci' NULL DEFAULT NULL,
  `create_date` VARCHAR(45) CHARACTER SET 'utf8' COLLATE 'utf8_unicode_ci' NULL DEFAULT NULL,
  `modify_date` VARCHAR(45) CHARACTER SET 'utf8' COLLATE 'utf8_unicode_ci' NULL DEFAULT NULL,
  `description` VARCHAR(200) CHARACTER SET 'utf8' COLLATE 'utf8_unicode_ci' NULL DEFAULT NULL,
  PRIMARY KEY (`id`),
  UNIQUE INDEX `id` (`code` ASC) VISIBLE)
ENGINE = InnoDB
AUTO_INCREMENT = 31
DEFAULT CHARACTER SET = utf8
COLLATE = utf8_unicode_ci;


-- -----------------------------------------------------
-- Table `cmd`.`employees`
-- -----------------------------------------------------
CREATE TABLE IF NOT EXISTS `cmd`.`employees` (
  `id` INT NOT NULL AUTO_INCREMENT,
  `code` VARCHAR(10) CHARACTER SET 'utf8' COLLATE 'utf8_unicode_ci' NOT NULL,
  `name` VARCHAR(45) CHARACTER SET 'utf8' COLLATE 'utf8_unicode_ci' NULL DEFAULT NULL,
  `date_of_birth` VARCHAR(20) CHARACTER SET 'utf8' COLLATE 'utf8_unicode_ci' NULL DEFAULT '0',
  `email` VARCHAR(45) CHARACTER SET 'utf8' COLLATE 'utf8_unicode_ci' NULL DEFAULT NULL,
  `phone_number` VARCHAR(15) CHARACTER SET 'utf8' COLLATE 'utf8_unicode_ci' NULL DEFAULT NULL,
  `manager_id` VARCHAR(10) CHARACTER SET 'utf8' COLLATE 'utf8_unicode_ci' NULL DEFAULT NULL,
  `create_by` VARCHAR(45) CHARACTER SET 'utf8' COLLATE 'utf8_unicode_ci' NULL DEFAULT NULL,
  `modify_by` VARCHAR(45) CHARACTER SET 'utf8' COLLATE 'utf8_unicode_ci' NULL DEFAULT NULL,
  `create_date` VARCHAR(45) CHARACTER SET 'utf8' COLLATE 'utf8_unicode_ci' NULL DEFAULT NULL,
  `modify_date` VARCHAR(45) CHARACTER SET 'utf8' COLLATE 'utf8_unicode_ci' NULL DEFAULT NULL,
  `active_flag` TINYINT NULL DEFAULT '1',
  `department_id` INT NULL DEFAULT NULL,
  `gender` VARCHAR(1) CHARACTER SET 'utf8' COLLATE 'utf8_unicode_ci' NULL DEFAULT NULL COMMENT '\"M\" or \"F\"',
  `avatar` TEXT CHARACTER SET 'utf8' COLLATE 'utf8_unicode_ci' NULL DEFAULT NULL,
  `username` VARCHAR(45) CHARACTER SET 'utf8' COLLATE 'utf8_unicode_ci' NULL DEFAULT NULL,
  `password` TEXT CHARACTER SET 'utf8' COLLATE 'utf8_unicode_ci' NULL DEFAULT NULL,
  `enable_login` TINYINT NULL DEFAULT '0',
  PRIMARY KEY (`id`),
  UNIQUE INDEX `id` (`code` ASC) VISIBLE,
  INDEX `FKgy4qe3dnqrm3ktd76sxp7n4c2` (`department_id` ASC) VISIBLE,
  CONSTRAINT `FKgy4qe3dnqrm3ktd76sxp7n4c2`
    FOREIGN KEY (`department_id`)
    REFERENCES `cmd`.`departments` (`id`))
ENGINE = InnoDB
AUTO_INCREMENT = 109
DEFAULT CHARACTER SET = utf8
COLLATE = utf8_unicode_ci;


-- -----------------------------------------------------
-- Table `cmd`.`teams`
-- -----------------------------------------------------
CREATE TABLE IF NOT EXISTS `cmd`.`teams` (
  `id` INT NOT NULL AUTO_INCREMENT,
  `name` VARCHAR(45) CHARACTER SET 'utf8' COLLATE 'utf8_unicode_ci' NULL DEFAULT NULL,
  PRIMARY KEY (`id`))
ENGINE = InnoDB
AUTO_INCREMENT = 2
DEFAULT CHARACTER SET = utf8
COLLATE = utf8_unicode_ci;


-- -----------------------------------------------------
-- Table `cmd`.`roles`
-- -----------------------------------------------------
CREATE TABLE IF NOT EXISTS `cmd`.`roles` (
  `id` INT NOT NULL AUTO_INCREMENT,
  `name` VARCHAR(200) CHARACTER SET 'utf8' COLLATE 'utf8_unicode_ci' NULL DEFAULT NULL,
  PRIMARY KEY (`id`))
ENGINE = InnoDB
AUTO_INCREMENT = 8
DEFAULT CHARACTER SET = utf8
COLLATE = utf8_unicode_ci;


-- -----------------------------------------------------
-- Table `cmd`.`positions`
-- -----------------------------------------------------
CREATE TABLE IF NOT EXISTS `cmd`.`positions` (
  `id` INT NOT NULL AUTO_INCREMENT,
  `name` VARCHAR(45) CHARACTER SET 'utf8' COLLATE 'utf8_unicode_ci' NULL DEFAULT NULL,
  `department_id` INT NULL DEFAULT NULL,
  `is_manager` TINYINT NULL DEFAULT NULL,
  `create_by` VARCHAR(45) CHARACTER SET 'utf8' COLLATE 'utf8_unicode_ci' NULL DEFAULT NULL,
  `modify_by` VARCHAR(45) CHARACTER SET 'utf8' COLLATE 'utf8_unicode_ci' NULL DEFAULT NULL,
  `create_date` VARCHAR(45) CHARACTER SET 'utf8' COLLATE 'utf8_unicode_ci' NULL DEFAULT NULL,
  `modify_date` VARCHAR(45) CHARACTER SET 'utf8' COLLATE 'utf8_unicode_ci' NULL DEFAULT NULL,
  `team_id` INT NULL DEFAULT NULL,
  `role_id` INT NULL DEFAULT NULL,
  PRIMARY KEY (`id`),
  INDEX `fk_chucvu_phongban1_idx` (`department_id` ASC) VISIBLE,
  INDEX `fk_positions_teams1_idx` (`team_id` ASC) VISIBLE,
  INDEX `fk_role_position_idx` (`role_id` ASC) VISIBLE,
  CONSTRAINT `fk_chucvu_phongban1`
    FOREIGN KEY (`department_id`)
    REFERENCES `cmd`.`departments` (`id`),
  CONSTRAINT `fk_positions_teams1`
    FOREIGN KEY (`team_id`)
    REFERENCES `cmd`.`teams` (`id`),
  CONSTRAINT `fk_role_position`
    FOREIGN KEY (`role_id`)
    REFERENCES `cmd`.`roles` (`id`))
ENGINE = InnoDB
AUTO_INCREMENT = 85
DEFAULT CHARACTER SET = utf8
COLLATE = utf8_unicode_ci;


-- -----------------------------------------------------
-- Table `cmd`.`approval_step_details`
-- -----------------------------------------------------
CREATE TABLE IF NOT EXISTS `cmd`.`approval_step_details` (
  `id` INT NOT NULL AUTO_INCREMENT,
  `approval_step_id` INT NOT NULL,
  `employee_id` INT NULL DEFAULT NULL,
  `department_id` INT NULL DEFAULT NULL,
  `position_id` INT NOT NULL,
  PRIMARY KEY (`id`),
  INDEX `fk_approval_step_details_approval_steps1_idx` (`approval_step_id` ASC) VISIBLE,
  INDEX `fk_approval_step_details_employees1_idx` (`employee_id` ASC) VISIBLE,
  INDEX `fk_approval_step_details_departments1_idx` (`department_id` ASC) VISIBLE,
  INDEX `fk_approval_step_details_positions1_idx` (`position_id` ASC) VISIBLE,
  CONSTRAINT `fk_approval_step_details_approval_steps1`
    FOREIGN KEY (`approval_step_id`)
    REFERENCES `cmd`.`approval_steps` (`id`),
  CONSTRAINT `fk_approval_step_details_departments1`
    FOREIGN KEY (`department_id`)
    REFERENCES `cmd`.`departments` (`id`),
  CONSTRAINT `fk_approval_step_details_employees1`
    FOREIGN KEY (`employee_id`)
    REFERENCES `cmd`.`employees` (`id`),
  CONSTRAINT `fk_approval_step_details_positions1`
    FOREIGN KEY (`position_id`)
    REFERENCES `cmd`.`positions` (`id`))
ENGINE = InnoDB
AUTO_INCREMENT = 5
DEFAULT CHARACTER SET = utf8
COLLATE = utf8_unicode_ci;


-- -----------------------------------------------------
-- Table `cmd`.`menu`
-- -----------------------------------------------------
CREATE TABLE IF NOT EXISTS `cmd`.`menu` (
  `id` INT NOT NULL AUTO_INCREMENT,
  `parent_id` VARCHAR(10) CHARACTER SET 'utf8' COLLATE 'utf8_unicode_ci' NULL DEFAULT NULL,
  `url` VARCHAR(100) CHARACTER SET 'utf8' COLLATE 'utf8_unicode_ci' NULL DEFAULT NULL,
  `name` VARCHAR(100) CHARACTER SET 'utf8' COLLATE 'utf8_unicode_ci' NULL DEFAULT NULL,
  `order_index` INT NULL DEFAULT NULL,
  `create_date` TIMESTAMP NULL DEFAULT NULL,
  `update_date` TIMESTAMP NULL DEFAULT NULL,
  PRIMARY KEY (`id`))
ENGINE = InnoDB
DEFAULT CHARACTER SET = utf8
COLLATE = utf8_unicode_ci;


-- -----------------------------------------------------
-- Table `cmd`.`auth`
-- -----------------------------------------------------
CREATE TABLE IF NOT EXISTS `cmd`.`auth` (
  `id` INT NOT NULL AUTO_INCREMENT,
  `role_id` INT NULL DEFAULT NULL,
  `menu_id` INT NULL DEFAULT NULL,
  `permission` TINYINT NULL DEFAULT '1',
  `active_flag` TINYINT NULL DEFAULT '1',
  `create_date` TIMESTAMP NULL DEFAULT NULL,
  `update_date` TIMESTAMP NULL DEFAULT NULL,
  PRIMARY KEY (`id`),
  INDEX `role_id_idx` (`role_id` ASC) VISIBLE,
  INDEX `fk_menu_auth_idx` (`menu_id` ASC) VISIBLE,
  CONSTRAINT `fk_menu_auth`
    FOREIGN KEY (`menu_id`)
    REFERENCES `cmd`.`menu` (`id`),
  CONSTRAINT `fk_role_auth`
    FOREIGN KEY (`role_id`)
    REFERENCES `cmd`.`roles` (`id`))
ENGINE = InnoDB
DEFAULT CHARACTER SET = utf8
COLLATE = utf8_unicode_ci;


-- -----------------------------------------------------
-- Table `cmd`.`data_types`
-- -----------------------------------------------------
CREATE TABLE IF NOT EXISTS `cmd`.`data_types` (
  `id` INT NOT NULL AUTO_INCREMENT,
  `name` VARCHAR(45) CHARACTER SET 'utf8' COLLATE 'utf8_unicode_ci' NULL DEFAULT NULL,
  `description` VARCHAR(500) CHARACTER SET 'utf8' COLLATE 'utf8_unicode_ci' NULL DEFAULT NULL,
  PRIMARY KEY (`id`))
ENGINE = InnoDB
AUTO_INCREMENT = 13
DEFAULT CHARACTER SET = utf8
COLLATE = utf8_unicode_ci;


-- -----------------------------------------------------
-- Table `cmd`.`options`
-- -----------------------------------------------------
CREATE TABLE IF NOT EXISTS `cmd`.`options` (
  `id` INT NOT NULL AUTO_INCREMENT,
  `name` VARCHAR(45) CHARACTER SET 'utf8' COLLATE 'utf8_unicode_ci' NULL DEFAULT NULL,
  PRIMARY KEY (`id`))
ENGINE = InnoDB
AUTO_INCREMENT = 27
DEFAULT CHARACTER SET = utf8
COLLATE = utf8_unicode_ci;


-- -----------------------------------------------------
-- Table `cmd`.`permissions`
-- -----------------------------------------------------
CREATE TABLE IF NOT EXISTS `cmd`.`permissions` (
  `id` INT NOT NULL AUTO_INCREMENT,
  `name` VARCHAR(45) CHARACTER SET 'utf8' COLLATE 'utf8_unicode_ci' NULL DEFAULT NULL,
  PRIMARY KEY (`id`))
ENGINE = InnoDB
AUTO_INCREMENT = 8
DEFAULT CHARACTER SET = utf8
COLLATE = utf8_unicode_ci;


-- -----------------------------------------------------
-- Table `cmd`.`positions_employees`
-- -----------------------------------------------------
CREATE TABLE IF NOT EXISTS `cmd`.`positions_employees` (
  `id` INT NOT NULL AUTO_INCREMENT,
  `employee_id` INT NOT NULL,
  `position_id` INT NOT NULL,
  PRIMARY KEY (`id`),
  INDEX `fk_employees_has_positions_positions1_idx` (`position_id` ASC) VISIBLE,
  INDEX `fk_employees_has_positions_employees1_idx` (`employee_id` ASC) VISIBLE,
  CONSTRAINT `fk_employees_has_positions_employees1`
    FOREIGN KEY (`employee_id`)
    REFERENCES `cmd`.`employees` (`id`),
  CONSTRAINT `fk_employees_has_positions_positions1`
    FOREIGN KEY (`position_id`)
    REFERENCES `cmd`.`positions` (`id`))
ENGINE = InnoDB
AUTO_INCREMENT = 125
DEFAULT CHARACTER SET = utf8
COLLATE = utf8_unicode_ci;


-- -----------------------------------------------------
-- Table `cmd`.`statuses`
-- -----------------------------------------------------
CREATE TABLE IF NOT EXISTS `cmd`.`statuses` (
  `id` INT NOT NULL AUTO_INCREMENT,
  `name` VARCHAR(45) CHARACTER SET 'utf8' COLLATE 'utf8_unicode_ci' NULL DEFAULT NULL,
  PRIMARY KEY (`id`))
ENGINE = InnoDB
AUTO_INCREMENT = 10
DEFAULT CHARACTER SET = utf8
COLLATE = utf8_unicode_ci;


-- -----------------------------------------------------
-- Table `cmd`.`proposals`
-- -----------------------------------------------------
CREATE TABLE IF NOT EXISTS `cmd`.`proposals` (
  `id` INT NOT NULL AUTO_INCREMENT,
  `proposal_type_id` INT NOT NULL,
  `creator_id` INT NOT NULL,
  `status_id` INT NOT NULL,
  PRIMARY KEY (`id`),
  INDEX `fk_dexuat_TrangThai1_idx` (`status_id` ASC) VISIBLE,
  INDEX `fk_proposals_proposal_types1_idx` (`proposal_type_id` ASC) VISIBLE,
  INDEX `fk_proposals_employees1_idx` (`creator_id` ASC) VISIBLE,
  CONSTRAINT `fk_dexuat_TrangThai1`
    FOREIGN KEY (`status_id`)
    REFERENCES `cmd`.`statuses` (`id`),
  CONSTRAINT `fk_proposals_employees1`
    FOREIGN KEY (`creator_id`)
    REFERENCES `cmd`.`employees` (`id`),
  CONSTRAINT `fk_proposals_proposal_types1`
    FOREIGN KEY (`proposal_type_id`)
    REFERENCES `cmd`.`proposal_types` (`id`))
ENGINE = InnoDB
AUTO_INCREMENT = 31
DEFAULT CHARACTER SET = utf8
COLLATE = utf8_unicode_ci;


-- -----------------------------------------------------
-- Table `cmd`.`proposal_details`
-- -----------------------------------------------------
CREATE TABLE IF NOT EXISTS `cmd`.`proposal_details` (
  `id` INT NOT NULL AUTO_INCREMENT,
  `proposal_id` INT NOT NULL,
  `proposal_detail_index` INT NULL DEFAULT NULL,
  `content` TEXT CHARACTER SET 'utf8' COLLATE 'utf8_unicode_ci' NULL DEFAULT NULL,
  `create_by` VARCHAR(45) CHARACTER SET 'utf8' COLLATE 'utf8_unicode_ci' NULL DEFAULT NULL,
  `modify_by` VARCHAR(45) CHARACTER SET 'utf8' COLLATE 'utf8_unicode_ci' NULL DEFAULT NULL,
  `create_date` VARCHAR(45) CHARACTER SET 'utf8' COLLATE 'utf8_unicode_ci' NULL DEFAULT NULL,
  `modify_date` VARCHAR(45) CHARACTER SET 'utf8' COLLATE 'utf8_unicode_ci' NULL DEFAULT NULL,
  PRIMARY KEY (`id`),
  INDEX `fk_proposal_details_proposals1_idx` (`proposal_id` ASC) VISIBLE,
  CONSTRAINT `fk_proposal_details_proposals1`
    FOREIGN KEY (`proposal_id`)
    REFERENCES `cmd`.`proposals` (`id`))
ENGINE = InnoDB
AUTO_INCREMENT = 121
DEFAULT CHARACTER SET = utf8
COLLATE = utf8_unicode_ci;


-- -----------------------------------------------------
-- Table `cmd`.`proposal_type_details`
-- -----------------------------------------------------
CREATE TABLE IF NOT EXISTS `cmd`.`proposal_type_details` (
  `id` INT NOT NULL AUTO_INCREMENT,
  `proposal_type_index` INT NULL DEFAULT NULL,
  `field_name` VARCHAR(45) CHARACTER SET 'utf8' COLLATE 'utf8_unicode_ci' NULL DEFAULT NULL,
  `data_type_id` INT NOT NULL,
  `create_by` VARCHAR(45) CHARACTER SET 'utf8' COLLATE 'utf8_unicode_ci' NULL DEFAULT NULL,
  `modify_by` VARCHAR(45) CHARACTER SET 'utf8' COLLATE 'utf8_unicode_ci' NULL DEFAULT NULL,
  `create_date` VARCHAR(45) CHARACTER SET 'utf8' COLLATE 'utf8_unicode_ci' NULL DEFAULT NULL,
  `modify_date` VARCHAR(45) CHARACTER SET 'utf8' COLLATE 'utf8_unicode_ci' NULL DEFAULT NULL,
  `field_id` VARCHAR(255) CHARACTER SET 'utf8' COLLATE 'utf8_unicode_ci' NULL DEFAULT NULL,
  `proposal_type_id` INT NULL DEFAULT NULL,
  PRIMARY KEY (`id`),
  INDEX `fk_type_details_data_types1_idx` (`data_type_id` ASC) VISIBLE,
  INDEX `FKdvba7s6h0uitxnu1rh5vm2r1r` (`proposal_type_id` ASC) VISIBLE,
  CONSTRAINT `fk_type_details_data_types1`
    FOREIGN KEY (`data_type_id`)
    REFERENCES `cmd`.`data_types` (`id`),
  CONSTRAINT `FKdvba7s6h0uitxnu1rh5vm2r1r`
    FOREIGN KEY (`proposal_type_id`)
    REFERENCES `cmd`.`proposal_types` (`id`))
ENGINE = InnoDB
AUTO_INCREMENT = 9
DEFAULT CHARACTER SET = utf8
COLLATE = utf8_unicode_ci;


-- -----------------------------------------------------
-- Table `cmd`.`proposals_permissions`
-- -----------------------------------------------------
CREATE TABLE IF NOT EXISTS `cmd`.`proposals_permissions` (
  `id` INT NOT NULL AUTO_INCREMENT,
  `proposal_type_id` INT NOT NULL,
  `department_id` INT NULL DEFAULT NULL,
  `position_id` INT NULL DEFAULT NULL,
  `employee_id` INT NOT NULL,
  PRIMARY KEY (`id`),
  INDEX `fk_proposal_permissions_proposal_types1_idx` (`proposal_type_id` ASC) VISIBLE,
  INDEX `fk_proposal_permissions_departments1_idx` (`department_id` ASC) VISIBLE,
  INDEX `fk_proposal_permissions_positions1_idx` (`position_id` ASC) VISIBLE,
  INDEX `fk_proposal_permissions_employees1_idx` (`employee_id` ASC) VISIBLE,
  CONSTRAINT `fk_proposal_permissions_departments1`
    FOREIGN KEY (`department_id`)
    REFERENCES `cmd`.`departments` (`id`),
  CONSTRAINT `fk_proposal_permissions_employees1`
    FOREIGN KEY (`employee_id`)
    REFERENCES `cmd`.`employees` (`id`),
  CONSTRAINT `fk_proposal_permissions_positions1`
    FOREIGN KEY (`position_id`)
    REFERENCES `cmd`.`positions` (`id`),
  CONSTRAINT `fk_proposal_permissions_proposal_types1`
    FOREIGN KEY (`proposal_type_id`)
    REFERENCES `cmd`.`proposal_types` (`id`))
ENGINE = InnoDB
AUTO_INCREMENT = 3
DEFAULT CHARACTER SET = utf8
COLLATE = utf8_unicode_ci;


-- -----------------------------------------------------
-- Table `cmd`.`role_details`
-- -----------------------------------------------------
CREATE TABLE IF NOT EXISTS `cmd`.`role_details` (
  `id` INT NOT NULL AUTO_INCREMENT,
  `option_id` INT NOT NULL,
  `role_id` INT NOT NULL,
  `permission_id` INT NOT NULL,
  `create_by` VARCHAR(45) CHARACTER SET 'utf8' COLLATE 'utf8_unicode_ci' NULL DEFAULT NULL,
  `modify_by` VARCHAR(45) CHARACTER SET 'utf8' COLLATE 'utf8_unicode_ci' NULL DEFAULT NULL,
  `create_date` VARCHAR(45) CHARACTER SET 'utf8' COLLATE 'utf8_unicode_ci' NULL DEFAULT NULL,
  `modify_date` VARCHAR(45) CHARACTER SET 'utf8' COLLATE 'utf8_unicode_ci' NULL DEFAULT NULL,
  PRIMARY KEY (`id`),
  INDEX `fk_role_details_roles1_idx` (`role_id` ASC) VISIBLE,
  INDEX `fk_role_details_permissions1_idx` (`permission_id` ASC) VISIBLE,
  CONSTRAINT `fk_role_details_roles1`
    FOREIGN KEY (`role_id`)
    REFERENCES `cmd`.`roles` (`id`))
ENGINE = InnoDB
AUTO_INCREMENT = 37
DEFAULT CHARACTER SET = utf8
COLLATE = utf8_unicode_ci;


-- -----------------------------------------------------
-- Table `cmd`.`tasks`
-- -----------------------------------------------------
CREATE TABLE IF NOT EXISTS `cmd`.`tasks` (
  `id` INT NOT NULL AUTO_INCREMENT,
  `status_id` INT NOT NULL,
  `creator_id` INT NOT NULL,
  `title` VARCHAR(45) CHARACTER SET 'utf8' COLLATE 'utf8_unicode_ci' NULL DEFAULT NULL,
  `description` TEXT CHARACTER SET 'utf8' COLLATE 'utf8_unicode_ci' NULL DEFAULT NULL,
  `create_date` VARCHAR(45) CHARACTER SET 'utf8' COLLATE 'utf8_unicode_ci' NULL DEFAULT NULL,
  `receiver_id` INT NULL DEFAULT NULL,
  `finish_date` VARCHAR(45) CHARACTER SET 'utf8' COLLATE 'utf8_unicode_ci' NULL DEFAULT NULL,
  PRIMARY KEY (`id`),
  INDEX `fk_tasks_statuses1_idx` (`status_id` ASC) VISIBLE,
  INDEX `fk_tasks_employees1_idx` (`creator_id` ASC) VISIBLE,
  INDEX `fk_tasks_employees2_idx` (`receiver_id` ASC) VISIBLE,
  CONSTRAINT `fk_tasks_employees1`
    FOREIGN KEY (`creator_id`)
    REFERENCES `cmd`.`employees` (`id`),
  CONSTRAINT `fk_tasks_employees2`
    FOREIGN KEY (`receiver_id`)
    REFERENCES `cmd`.`employees` (`id`),
  CONSTRAINT `fk_tasks_statuses1`
    FOREIGN KEY (`status_id`)
    REFERENCES `cmd`.`statuses` (`id`))
ENGINE = InnoDB
AUTO_INCREMENT = 31
DEFAULT CHARACTER SET = utf8
COLLATE = utf8_unicode_ci;


-- -----------------------------------------------------
-- Table `cmd`.`task_his`
-- -----------------------------------------------------
CREATE TABLE IF NOT EXISTS `cmd`.`task_his` (
  `id` INT NOT NULL AUTO_INCREMENT,
  `task_id` INT NULL DEFAULT NULL,
  `status_id` INT NULL DEFAULT NULL,
  `receiver_id` INT NULL DEFAULT NULL,
  PRIMARY KEY (`id`),
  INDEX `fk_task_task_his_idx` (`task_id` ASC) VISIBLE,
  INDEX `fk_status_task_his_idx` (`status_id` ASC) VISIBLE,
  INDEX `fk_emp_task_his_idx` (`receiver_id` ASC) VISIBLE,
  CONSTRAINT `fk_emp_task_his`
    FOREIGN KEY (`receiver_id`)
    REFERENCES `cmd`.`employees` (`id`),
  CONSTRAINT `fk_status_task_his`
    FOREIGN KEY (`status_id`)
    REFERENCES `cmd`.`statuses` (`id`),
  CONSTRAINT `fk_task_task_his`
    FOREIGN KEY (`task_id`)
    REFERENCES `cmd`.`tasks` (`id`))
ENGINE = InnoDB
AUTO_INCREMENT = 31
DEFAULT CHARACTER SET = utf8
COLLATE = utf8_unicode_ci;


-- -----------------------------------------------------
-- Table `cmd`.`teams_employees`
-- -----------------------------------------------------
CREATE TABLE IF NOT EXISTS `cmd`.`teams_employees` (
  `id` INT NOT NULL AUTO_INCREMENT,
  `team_id` INT NOT NULL,
  `employee_id` INT NOT NULL,
  PRIMARY KEY (`id`),
  INDEX `FKgqu2h8g8dkywvn6hdswglpcgc` (`employee_id` ASC) VISIBLE,
  INDEX `FKjal5g6ir6je09j8dma510rka2` (`team_id` ASC) VISIBLE,
  CONSTRAINT `FKgqu2h8g8dkywvn6hdswglpcgc`
    FOREIGN KEY (`employee_id`)
    REFERENCES `cmd`.`employees` (`id`),
  CONSTRAINT `FKjal5g6ir6je09j8dma510rka2`
    FOREIGN KEY (`team_id`)
    REFERENCES `cmd`.`teams` (`id`))
ENGINE = InnoDB
DEFAULT CHARACTER SET = utf8
COLLATE = utf8_unicode_ci;


SET SQL_MODE=@OLD_SQL_MODE;
SET FOREIGN_KEY_CHECKS=@OLD_FOREIGN_KEY_CHECKS;
SET UNIQUE_CHECKS=@OLD_UNIQUE_CHECKS;

-- insert data
ALTER TABLE cmd.departments AUTO_INCREMENT = 1;
ALTER TABLE cmd.employees AUTO_INCREMENT = 1;
ALTER TABLE cmd.roles AUTO_INCREMENT = 1;
ALTER TABLE cmd.positions AUTO_INCREMENT = 1;
ALTER TABLE cmd.options AUTO_INCREMENT = 1;
ALTER TABLE cmd.permissions AUTO_INCREMENT = 1;
ALTER TABLE cmd.role_details AUTO_INCREMENT = 1;
ALTER TABLE cmd.statuses AUTO_INCREMENT = 1;
ALTER TABLE cmd.data_types AUTO_INCREMENT = 1;
ALTER TABLE cmd.tasks AUTO_INCREMENT = 1;
ALTER TABLE cmd.task_his AUTO_INCREMENT = 1;
ALTER TABLE cmd.proposal_types AUTO_INCREMENT = 1;
ALTER TABLE cmd.proposal_type_details AUTO_INCREMENT = 1;
ALTER TABLE cmd.approval_steps AUTO_INCREMENT = 1;
ALTER TABLE cmd.positions_employees AUTO_INCREMENT = 1;
ALTER TABLE cmd.proposals_permissions AUTO_INCREMENT = 1;
ALTER TABLE cmd.approval_step_details AUTO_INCREMENT = 1;
ALTER TABLE cmd.proposals AUTO_INCREMENT = 1;
ALTER TABLE cmd.proposal_details AUTO_INCREMENT = 1;

REPLACE INTO departments(code,name,farther_department_id,manager_id) VALUES (1,'Ban Quản Lý KTX Cỏ May','0',0);
REPLACE INTO departments(code,name,farther_department_id,manager_id) VALUES (2,'Bảo trì - Bảo dưỡng CSVC KTX','1',0);
REPLACE INTO departments(code,name,farther_department_id,manager_id) VALUES (3,'Đội sửa chữa','2',0);
REPLACE INTO departments(code,name,farther_department_id,manager_id) VALUES (4,'Tầng 1','2',0);
REPLACE INTO departments(code,name,farther_department_id,manager_id) VALUES (5,'Tầng 2','2',0);
REPLACE INTO departments(code,name,farther_department_id,manager_id) VALUES (6,'Tầng 3','2',0);
REPLACE INTO departments(code,name,farther_department_id,manager_id) VALUES (7,'Tầng trệt','2',0);
REPLACE INTO departments(code,name,farther_department_id,manager_id) VALUES (8,'Kiểm tra và giám sát sinh viên','1',0);
REPLACE INTO departments(code,name,farther_department_id,manager_id) VALUES (9,'Tổ chức sự kiện','1',0);
REPLACE INTO departments(code,name,farther_department_id,manager_id) VALUES (10,'Truyền thông','1',0);
REPLACE INTO departments(code,name,farther_department_id,manager_id) VALUES (11,'Sinh viên','1',0);


REPLACE INTO employees(code,name,email,phone_number,department_id,avatar,username,password,active_flag) VALUES (1,'Ðức Chính Đoàn','ThiHng.Lm77@hotmail.com','0269 0386 9201',7,'https://i.imgur.com/bFbOCtQ.jpg','ThiHng.Lm77@hotmail.com','cmdcmd',1);
REPLACE INTO employees(code,name,email,phone_number,department_id,avatar,username,password,active_flag) VALUES (2,'Đông Nghi Đoàn','PhngTrinh.Bi26@yahoo.com','0249 6226 0641',7,'https://i.imgur.com/bFbOCtQ.jpg','PhngTrinh.Bi26@yahoo.com','cmdcmd',1);
REPLACE INTO employees(code,name,email,phone_number,department_id,avatar,username,password,active_flag) VALUES (3,'Thùy Oanh Mai MD','KhnhChi60@yahoo.com','0295 3306 3990',7,'https://i.imgur.com/bFbOCtQ.jpg','KhnhChi60@yahoo.com','cmdcmd',1);
REPLACE INTO employees(code,name,email,phone_number,department_id,avatar,username,password,active_flag) VALUES (4,'Sơn Quyền Hoàng','ThoQuyn95@yahoo.com','0252 3525 4277',7,'https://i.imgur.com/bFbOCtQ.jpg','ThoQuyn95@yahoo.com','cmdcmd',1);
REPLACE INTO employees(code,name,email,phone_number,department_id,avatar,username,password,active_flag) VALUES (5,'Hoài Thương Phùng','AnhVit.V@yahoo.com','029 1419 1954',7,'https://i.imgur.com/bFbOCtQ.jpg','AnhVit.V@yahoo.com','cmdcmd',1);
REPLACE INTO employees(code,name,email,phone_number,department_id,avatar,username,password,active_flag) VALUES (6,'Miss Ái Linh Phùng','ThanhKiu27@hotmail.com','020 8540 6847',7,'https://i.imgur.com/bFbOCtQ.jpg','ThanhKiu27@hotmail.com','cmdcmd',1);
REPLACE INTO employees(code,name,email,phone_number,department_id,avatar,username,password,active_flag) VALUES (7,'Ðan Quỳnh Tô','HongSa15@yahoo.com','023 1443 4607',7,'https://i.imgur.com/bFbOCtQ.jpg','HongSa15@yahoo.com','cmdcmd',1);
REPLACE INTO employees(code,name,email,phone_number,department_id,avatar,username,password,active_flag) VALUES (8,'Bảo Tín Phùng','GiangThin_T@gmail.com','021 8246 3839',7,'https://i.imgur.com/bFbOCtQ.jpg','GiangThin_T@gmail.com','cmdcmd',1);
REPLACE INTO employees(code,name,email,phone_number,department_id,avatar,username,password,active_flag) VALUES (9,'Phước Bình Phạm','HongHip_Phm@yahoo.com','0223 8350 5531',7,'https://i.imgur.com/bFbOCtQ.jpg','HongHip_Phm@yahoo.com','cmdcmd',1);
REPLACE INTO employees(code,name,email,phone_number,department_id,avatar,username,password,active_flag) VALUES (10,'Diễm Trinh Trần','HongNgn_Nguyn@gmail.com','021 0099 0911',7,'https://i.imgur.com/bFbOCtQ.jpg','HongNgn_Nguyn@gmail.com','cmdcmd',1);
REPLACE INTO employees(code,name,email,phone_number,department_id,avatar,username,password,active_flag) VALUES (11,'Quang Dương Lý','XunHiu.Lm@yahoo.com','0239 4500 2897',7,'https://i.imgur.com/bFbOCtQ.jpg','XunHiu.Lm@yahoo.com','cmdcmd',1);
REPLACE INTO employees(code,name,email,phone_number,department_id,avatar,username,password,active_flag) VALUES (12,'Dr. Thanh Tuyết Trần','ThuVit_inh78@yahoo.com','0209 6015 8608',7,'https://i.imgur.com/bFbOCtQ.jpg','ThuVit_inh78@yahoo.com','cmdcmd',1);
REPLACE INTO employees(code,name,email,phone_number,department_id,avatar,username,password,active_flag) VALUES (13,'Hồ Nam Hoàng','XunQu8@hotmail.com','020 0696 7709',7,'https://i.imgur.com/bFbOCtQ.jpg','XunQu8@hotmail.com','cmdcmd',1);
REPLACE INTO employees(code,name,email,phone_number,department_id,avatar,username,password,active_flag) VALUES (14,'Thiếu Anh Đào','KinBnh89@hotmail.com','0203 1346 1053',7,'https://i.imgur.com/bFbOCtQ.jpg','KinBnh89@hotmail.com','cmdcmd',1);
REPLACE INTO employees(code,name,email,phone_number,department_id,avatar,username,password,active_flag) VALUES (15,'Minh Mẫn Đoàn','Hunh.Phan30@yahoo.com','021 4694 2150',7,'https://i.imgur.com/bFbOCtQ.jpg','Hunh.Phan30@yahoo.com','cmdcmd',1);
REPLACE INTO employees(code,name,email,phone_number,department_id,avatar,username,password,active_flag) VALUES (16,'Ðức Quyền Hồ','VnNhi_Tng@hotmail.com','024 6837 2044',4,'https://i.imgur.com/bFbOCtQ.jpg','VnNhi_Tng@hotmail.com','cmdcmd',1);
REPLACE INTO employees(code,name,email,phone_number,department_id,avatar,username,password,active_flag) VALUES (17,'Gia Thiện Đinh','KimKhuyn.T73@hotmail.com','0283 3870 7783',4,'https://i.imgur.com/bFbOCtQ.jpg','KimKhuyn.T73@hotmail.com','cmdcmd',1);
REPLACE INTO employees(code,name,email,phone_number,department_id,avatar,username,password,active_flag) VALUES (18,'Quỳnh Lâm Lâm IV','PhngThanh.Hong@gmail.com','0264 8177 9771',4,'https://i.imgur.com/bFbOCtQ.jpg','PhngThanh.Hong@gmail.com','cmdcmd',1);
REPLACE INTO employees(code,name,email,phone_number,department_id,avatar,username,password,active_flag) VALUES (19,'Ms. Việt Huy Mai','TUyn97@hotmail.com','026 2736 7901',4,'https://i.imgur.com/bFbOCtQ.jpg','TUyn97@hotmail.com','cmdcmd',1);
REPLACE INTO employees(code,name,email,phone_number,department_id,avatar,username,password,active_flag) VALUES (20,'Thiện Sinh Vũ','Hut.Trng@hotmail.com','026 7170 5151',4,'https://i.imgur.com/bFbOCtQ.jpg','Hut.Trng@hotmail.com','cmdcmd',1);
REPLACE INTO employees(code,name,email,phone_number,department_id,avatar,username,password,active_flag) VALUES (21,'Hương Mai Tăng','TunHong40@hotmail.com','0242 4384 0246',4,'https://i.imgur.com/bFbOCtQ.jpg','TunHong40@hotmail.com','cmdcmd',1);
REPLACE INTO employees(code,name,email,phone_number,department_id,avatar,username,password,active_flag) VALUES (22,'Nam An Trương','BchTr_Phng11@gmail.com','0272 5099 6423',4,'https://i.imgur.com/bFbOCtQ.jpg','BchTr_Phng11@gmail.com','cmdcmd',1);
REPLACE INTO employees(code,name,email,phone_number,department_id,avatar,username,password,active_flag) VALUES (23,'Ái Linh Mai','KimHng.Mai@gmail.com','0255 6369 3736',4,'https://i.imgur.com/bFbOCtQ.jpg','KimHng.Mai@gmail.com','cmdcmd',1);
REPLACE INTO employees(code,name,email,phone_number,department_id,avatar,username,password,active_flag) VALUES (24,'Hồng Nhật Trịnh I','ThinKim94@gmail.com','0214 9858 6417',4,'https://i.imgur.com/bFbOCtQ.jpg','ThinKim94@gmail.com','cmdcmd',1);
REPLACE INTO employees(code,name,email,phone_number,department_id,avatar,username,password,active_flag) VALUES (25,'Bình Dân Vương Sr.','CngLc_H@gmail.com','0210 9639 2455',4,'https://i.imgur.com/bFbOCtQ.jpg','CngLc_H@gmail.com','cmdcmd',1);
REPLACE INTO employees(code,name,email,phone_number,department_id,avatar,username,password,active_flag) VALUES (26,'Lương Thiện Phan','PhngHoa41@gmail.com','0212 4485 5898',4,'https://i.imgur.com/bFbOCtQ.jpg','PhngHoa41@gmail.com','cmdcmd',1);
REPLACE INTO employees(code,name,email,phone_number,department_id,avatar,username,password,active_flag) VALUES (27,'Phú Ân Dương III','DimMy_Dng15@gmail.com','026 2348 6108',4,'https://i.imgur.com/bFbOCtQ.jpg','DimMy_Dng15@gmail.com','cmdcmd',1);
REPLACE INTO employees(code,name,email,phone_number,department_id,avatar,username,password,active_flag) VALUES (28,'Vân Quyên Nguyễn IV','PhiNhn31@hotmail.com','026 9359 7959',4,'https://i.imgur.com/bFbOCtQ.jpg','PhiNhn31@hotmail.com','cmdcmd',1);
REPLACE INTO employees(code,name,email,phone_number,department_id,avatar,username,password,active_flag) VALUES (29,'Thế Tường Hồ','ChiuPhong_Vng88@hotmail.com','0208 4194 1271',4,'https://i.imgur.com/bFbOCtQ.jpg','ChiuPhong_Vng88@hotmail.com','cmdcmd',1);
REPLACE INTO employees(code,name,email,phone_number,department_id,avatar,username,password,active_flag) VALUES (30,'Trúc Lam Tăng DDS','HoMi_H72@yahoo.com','023 0200 9314',4,'https://i.imgur.com/bFbOCtQ.jpg','HoMi_H72@yahoo.com','cmdcmd',1);
REPLACE INTO employees(code,name,email,phone_number,department_id,avatar,username,password,active_flag) VALUES (31,'Công Bằng Vương','QucTun.Mai@hotmail.com','023 1408 6450',5,'https://i.imgur.com/bFbOCtQ.jpg','QucTun.Mai@hotmail.com','cmdcmd',1);
REPLACE INTO employees(code,name,email,phone_number,department_id,avatar,username,password,active_flag) VALUES (32,'Mrs. Diễm Uyên Tô','HngQu_Ng@hotmail.com','0265 2843 3246',5,'https://i.imgur.com/bFbOCtQ.jpg','HngQu_Ng@hotmail.com','cmdcmd',1);
REPLACE INTO employees(code,name,email,phone_number,department_id,avatar,username,password,active_flag) VALUES (33,'Miss Đinh Hương Trịnh','MHip.Phng21@yahoo.com','029 2829 1524',5,'https://i.imgur.com/bFbOCtQ.jpg','MHip.Phng21@yahoo.com','cmdcmd',1);
REPLACE INTO employees(code,name,email,phone_number,department_id,avatar,username,password,active_flag) VALUES (34,'Ðình Dương Đỗ','ngHi29@yahoo.com','0258 2682 3601',5,'https://i.imgur.com/bFbOCtQ.jpg','ngHi29@yahoo.com','cmdcmd',1);
REPLACE INTO employees(code,name,email,phone_number,department_id,avatar,username,password,active_flag) VALUES (35,'Mrs. Anh Quân Ngô','NgcHuy_V69@hotmail.com','022 1982 7498',5,'https://i.imgur.com/bFbOCtQ.jpg','NgcHuy_V69@hotmail.com','cmdcmd',1);
REPLACE INTO employees(code,name,email,phone_number,department_id,avatar,username,password,active_flag) VALUES (36,'Nam Thông Lý','ThcTm11@yahoo.com','020 3561 5187',5,'https://i.imgur.com/bFbOCtQ.jpg','ThcTm11@yahoo.com','cmdcmd',1);
REPLACE INTO employees(code,name,email,phone_number,department_id,avatar,username,password,active_flag) VALUES (37,'Miss Thanh Thúy Vũ','ThiThi.Dng@yahoo.com','0294 5768 6398',5,'https://i.imgur.com/bFbOCtQ.jpg','ThiThi.Dng@yahoo.com','cmdcmd',1);
REPLACE INTO employees(code,name,email,phone_number,department_id,avatar,username,password,active_flag) VALUES (38,'Ngọc Liên Đào','ThanhHoa74@gmail.com','0245 3926 0583',5,'https://i.imgur.com/bFbOCtQ.jpg','ThanhHoa74@gmail.com','cmdcmd',1);
REPLACE INTO employees(code,name,email,phone_number,department_id,avatar,username,password,active_flag) VALUES (39,'Ms. Long Vịnh Phùng','ThuThun_Ng@yahoo.com','027 6713 9007',5,'https://i.imgur.com/bFbOCtQ.jpg','ThuThun_Ng@yahoo.com','cmdcmd',1);
REPLACE INTO employees(code,name,email,phone_number,department_id,avatar,username,password,active_flag) VALUES (40,'Minh Tân Lê','ThchTho.on@hotmail.com','0222 4191 4468',5,'https://i.imgur.com/bFbOCtQ.jpg','ThchTho.on@hotmail.com','cmdcmd',1);
REPLACE INTO employees(code,name,email,phone_number,department_id,avatar,username,password,active_flag) VALUES (41,'Ngọc Thi Hoàng','DuyTn_Hong8@yahoo.com','023 3022 5329',5,'https://i.imgur.com/bFbOCtQ.jpg','DuyTn_Hong8@yahoo.com','cmdcmd',1);
REPLACE INTO employees(code,name,email,phone_number,department_id,avatar,username,password,active_flag) VALUES (42,'Tuyết Hương Lâm','ThnhCng55@gmail.com','025 3052 3429',5,'https://i.imgur.com/bFbOCtQ.jpg','ThnhCng55@gmail.com','cmdcmd',1);
REPLACE INTO employees(code,name,email,phone_number,department_id,avatar,username,password,active_flag) VALUES (43,'Xuân Cung Đào','KimLin70@gmail.com','024 9331 2914',5,'https://i.imgur.com/bFbOCtQ.jpg','KimLin70@gmail.com','cmdcmd',1);
REPLACE INTO employees(code,name,email,phone_number,department_id,avatar,username,password,active_flag) VALUES (44,'Bảo Huỳnh Vũ','HuTon11@hotmail.com','0211 9197 0241',5,'https://i.imgur.com/bFbOCtQ.jpg','HuTon11@hotmail.com','cmdcmd',1);
REPLACE INTO employees(code,name,email,phone_number,department_id,avatar,username,password,active_flag) VALUES (45,'Nhật Hoàng Lý','CngHi_T@yahoo.com','0289 7740 2287',5,'https://i.imgur.com/bFbOCtQ.jpg','CngHi_T@yahoo.com','cmdcmd',1);
REPLACE INTO employees(code,name,email,phone_number,department_id,avatar,username,password,active_flag) VALUES (46,'Hồng Ðào Phạm','BuChng.Mai@yahoo.com','0292 9362 5626',6,'https://i.imgur.com/bFbOCtQ.jpg','BuChng.Mai@yahoo.com','cmdcmd',1);
REPLACE INTO employees(code,name,email,phone_number,department_id,avatar,username,password,active_flag) VALUES (47,'Tường Vi Lê','ThyTin77@hotmail.com','0283 1862 5655',6,'https://i.imgur.com/bFbOCtQ.jpg','ThyTin77@hotmail.com','cmdcmd',1);
REPLACE INTO employees(code,name,email,phone_number,department_id,avatar,username,password,active_flag) VALUES (48,'Hữu Hiệp Ngô','NhtLan.ng@hotmail.com','025 9647 5024',6,'https://i.imgur.com/bFbOCtQ.jpg','NhtLan.ng@hotmail.com','cmdcmd',1);
REPLACE INTO employees(code,name,email,phone_number,department_id,avatar,username,password,active_flag) VALUES (49,'Trân Châu Hà','SongLam.Tng22@hotmail.com','0272 1933 9777',6,'https://i.imgur.com/bFbOCtQ.jpg','SongLam.Tng22@hotmail.com','cmdcmd',1);
REPLACE INTO employees(code,name,email,phone_number,department_id,avatar,username,password,active_flag) VALUES (50,'Tuấn Khải Tăng','HongDu_H16@yahoo.com','0274 0084 2384',6,'https://i.imgur.com/bFbOCtQ.jpg','HongDu_H16@yahoo.com','cmdcmd',1);
REPLACE INTO employees(code,name,email,phone_number,department_id,avatar,username,password,active_flag) VALUES (51,'Quốc Hoài Phan','QucHi.Tng72@gmail.com','026 5716 7339',6,'https://i.imgur.com/bFbOCtQ.jpg','QucHi.Tng72@gmail.com','cmdcmd',1);
REPLACE INTO employees(code,name,email,phone_number,department_id,avatar,username,password,active_flag) VALUES (52,'Đan Thư Hoàng','HngChi_Tng14@yahoo.com','024 9037 8913',6,'https://i.imgur.com/bFbOCtQ.jpg','HngChi_Tng14@yahoo.com','cmdcmd',1);
REPLACE INTO employees(code,name,email,phone_number,department_id,avatar,username,password,active_flag) VALUES (53,'Trung Anh Dương','nhTrung.o75@hotmail.com','0238 6394 3809',6,'https://i.imgur.com/bFbOCtQ.jpg','nhTrung.o75@hotmail.com','cmdcmd',1);
REPLACE INTO employees(code,name,email,phone_number,department_id,avatar,username,password,active_flag) VALUES (54,'Hoàng Xuân Đinh','cTu.Trn78@yahoo.com','0273 5542 8124',6,'https://i.imgur.com/bFbOCtQ.jpg','cTu.Trn78@yahoo.com','cmdcmd',1);
REPLACE INTO employees(code,name,email,phone_number,department_id,avatar,username,password,active_flag) VALUES (55,'Hoàng Việt Lâm','BchChiu33@yahoo.com','0291 0305 8252',6,'https://i.imgur.com/bFbOCtQ.jpg','BchChiu33@yahoo.com','cmdcmd',1);
REPLACE INTO employees(code,name,email,phone_number,department_id,avatar,username,password,active_flag) VALUES (56,'Cát Uy Đào Jr.','TngLinh32@gmail.com','0243 4271 7880',6,'https://i.imgur.com/bFbOCtQ.jpg','TngLinh32@gmail.com','cmdcmd',1);
REPLACE INTO employees(code,name,email,phone_number,department_id,avatar,username,password,active_flag) VALUES (57,'Gia Huy Bùi','KhiTm.Tng26@gmail.com','0239 4644 7267',6,'https://i.imgur.com/bFbOCtQ.jpg','KhiTm.Tng26@gmail.com','cmdcmd',1);
REPLACE INTO employees(code,name,email,phone_number,department_id,avatar,username,password,active_flag) VALUES (58,'Thanh Tùng Hồ','HnhTho97@gmail.com','0200 6241 9910',6,'https://i.imgur.com/bFbOCtQ.jpg','HnhTho97@gmail.com','cmdcmd',1);
REPLACE INTO employees(code,name,email,phone_number,department_id,avatar,username,password,active_flag) VALUES (59,'Bá Thịnh Hồ','LongGiang.H@gmail.com','024 0370 9248',6,'https://i.imgur.com/bFbOCtQ.jpg','LongGiang.H@gmail.com','cmdcmd',1);
REPLACE INTO employees(code,name,email,phone_number,department_id,avatar,username,password,active_flag) VALUES (60,'Lan Vy Vũ','ChThnh.Phan@gmail.com','024 0866 1214',6,'https://i.imgur.com/bFbOCtQ.jpg','ChThnh.Phan@gmail.com','cmdcmd',1);
REPLACE INTO employees(code,name,email,phone_number,department_id,avatar,username,password,active_flag) VALUES (61,'Cẩm Thúy Phan','ThanhTuyt.Vng@hotmail.com','0285 5317 5830',1,'https://i.imgur.com/bFbOCtQ.jpg','ThanhTuyt.Vng@hotmail.com','cmdcmd',1);
REPLACE INTO employees(code,name,email,phone_number,department_id,avatar,username,password,active_flag) VALUES (62,'Mrs. Xuân Loan Vương','TrngSinh_L49@gmail.com','025 9684 7733',1,'https://i.imgur.com/bFbOCtQ.jpg','TrngSinh_L49@gmail.com','cmdcmd',1);
REPLACE INTO employees(code,name,email,phone_number,department_id,avatar,username,password,active_flag) VALUES (63,'Bạch Yến Lâm','KhuTrung_Phm@hotmail.com','025 8104 5074',1,'https://i.imgur.com/bFbOCtQ.jpg','KhuTrung_Phm@hotmail.com','cmdcmd',1);
REPLACE INTO employees(code,name,email,phone_number,department_id,avatar,username,password,active_flag) VALUES (64,'Hồng Thư Phạm','ThiDng_H@hotmail.com','0230 2764 7371',1,'https://i.imgur.com/bFbOCtQ.jpg','ThiDng_H@hotmail.com','cmdcmd',1);
REPLACE INTO employees(code,name,email,phone_number,department_id,avatar,username,password,active_flag) VALUES (65,'Công Giang Phùng','Anho31@gmail.com','026 7227 5725',1,'https://i.imgur.com/bFbOCtQ.jpg','Anho31@gmail.com','cmdcmd',1);
REPLACE INTO employees(code,name,email,phone_number,department_id,avatar,username,password,active_flag) VALUES (66,'Kim Thu Tô','Bnh.Bi69@gmail.com','0204 1159 6475',1,'https://i.imgur.com/bFbOCtQ.jpg','Bnh.Bi69@gmail.com','cmdcmd',1);
REPLACE INTO employees(code,name,email,phone_number,department_id,avatar,username,password,active_flag) VALUES (67,'Xuân Vũ Vương','ThinThanh16@yahoo.com','0235 1191 3308',1,'https://i.imgur.com/bFbOCtQ.jpg','ThinThanh16@yahoo.com','cmdcmd',1);
REPLACE INTO employees(code,name,email,phone_number,department_id,avatar,username,password,active_flag) VALUES (68,'Việt Khôi Ngô','CngNgh.ng36@hotmail.com','024 6593 9969',1,'https://i.imgur.com/bFbOCtQ.jpg','CngNgh.ng36@hotmail.com','cmdcmd',1);
REPLACE INTO employees(code,name,email,phone_number,department_id,avatar,username,password,active_flag) VALUES (69,'Kim Hoàng Hồ','BchDuyn_Ng41@hotmail.com','0235 0962 8878',1,'https://i.imgur.com/bFbOCtQ.jpg','BchDuyn_Ng41@hotmail.com','cmdcmd',1);
REPLACE INTO employees(code,name,email,phone_number,department_id,avatar,username,password,active_flag) VALUES (70,'Mai Vy Phạm','KhiH.Dng59@hotmail.com','024 8400 8120',1,'https://i.imgur.com/bFbOCtQ.jpg','KhiH.Dng59@hotmail.com','cmdcmd',1);
REPLACE INTO employees(code,name,email,phone_number,department_id,avatar,username,password,active_flag) VALUES (71,'Gia Huấn Hoàng','XunTho.o0@gmail.com','0216 6095 7658',1,'https://i.imgur.com/bFbOCtQ.jpg','XunTho.o0@gmail.com','cmdcmd',1);
REPLACE INTO employees(code,name,email,phone_number,department_id,avatar,username,password,active_flag) VALUES (72,'Mỹ Dung Tô','NguytH58@yahoo.com','0265 6242 7634',1,'https://i.imgur.com/bFbOCtQ.jpg','NguytH58@yahoo.com','cmdcmd',1);
REPLACE INTO employees(code,name,email,phone_number,department_id,avatar,username,password,active_flag) VALUES (73,'Ngọc Lâm Đào','HipHa.H@hotmail.com','027 0435 7587',1,'https://i.imgur.com/bFbOCtQ.jpg','HipHa.H@hotmail.com','cmdcmd',1);
REPLACE INTO employees(code,name,email,phone_number,department_id,avatar,username,password,active_flag) VALUES (74,'Hồng Đăng Đào','ThanhUyn61@yahoo.com','0287 2248 1031',1,'https://i.imgur.com/bFbOCtQ.jpg','ThanhUyn61@yahoo.com','cmdcmd',1);
REPLACE INTO employees(code,name,email,phone_number,department_id,avatar,username,password,active_flag) VALUES (75,'Viễn Thông Bùi','cSiu.Hong@yahoo.com','022 2068 2796',1,'https://i.imgur.com/bFbOCtQ.jpg','cSiu.Hong@yahoo.com','cmdcmd',1);
REPLACE INTO employees(code,name,email,phone_number,department_id,avatar,username,password,active_flag) VALUES (76,'Uyên Minh Dương','TunDng12@gmail.com','029 7980 6994',3,'https://i.imgur.com/bFbOCtQ.jpg','TunDng12@gmail.com','cmdcmd',1);
REPLACE INTO employees(code,name,email,phone_number,department_id,avatar,username,password,active_flag) VALUES (77,'Tú Uyên Phạm','NgcT.Mai@gmail.com','0229 7909 6001',3,'https://i.imgur.com/bFbOCtQ.jpg','NgcT.Mai@gmail.com','cmdcmd',1);
REPLACE INTO employees(code,name,email,phone_number,department_id,avatar,username,password,active_flag) VALUES (78,'Tuấn Khanh Mai','LanTrc89@hotmail.com','0277 8413 0917',3,'https://i.imgur.com/bFbOCtQ.jpg','LanTrc89@hotmail.com','cmdcmd',1);
REPLACE INTO employees(code,name,email,phone_number,department_id,avatar,username,password,active_flag) VALUES (79,'Phượng Tiên Bùi','TunVit_@yahoo.com','020 5928 2380',3,'https://i.imgur.com/bFbOCtQ.jpg','TunVit_@yahoo.com','cmdcmd',1);
REPLACE INTO employees(code,name,email,phone_number,department_id,avatar,username,password,active_flag) VALUES (80,'Nghi Dung Trịnh','ChDng.Lm@yahoo.com','0229 8130 7189',3,'https://i.imgur.com/bFbOCtQ.jpg','ChDng.Lm@yahoo.com','cmdcmd',1);
REPLACE INTO employees(code,name,email,phone_number,department_id,avatar,username,password,active_flag) VALUES (81,'Thy Vân Dương','QucThng_L@yahoo.com','0295 2213 2383',3,'https://i.imgur.com/bFbOCtQ.jpg','QucThng_L@yahoo.com','cmdcmd',1);
REPLACE INTO employees(code,name,email,phone_number,department_id,avatar,username,password,active_flag) VALUES (82,'Bích Hợp Phan','ThinTin.o@yahoo.com','0294 3870 9672',3,'https://i.imgur.com/bFbOCtQ.jpg','ThinTin.o@yahoo.com','cmdcmd',1);
REPLACE INTO employees(code,name,email,phone_number,department_id,avatar,username,password,active_flag) VALUES (83,'Quốc Hòa Đào','DimPhc_L@hotmail.com','0246 5833 8953',3,'https://i.imgur.com/bFbOCtQ.jpg','DimPhc_L@hotmail.com','cmdcmd',1);
REPLACE INTO employees(code,name,email,phone_number,department_id,avatar,username,password,active_flag) VALUES (84,'Tường Lân Đỗ','AnhTh_V84@hotmail.com','0287 3004 3561',3,'https://i.imgur.com/bFbOCtQ.jpg','AnhTh_V84@hotmail.com','cmdcmd',1);
REPLACE INTO employees(code,name,email,phone_number,department_id,avatar,username,password,active_flag) VALUES (85,'Lâm Tuyền Đặng','TunLinh_Trn3@yahoo.com','0237 0462 2404',3,'https://i.imgur.com/bFbOCtQ.jpg','TunLinh_Trn3@yahoo.com','cmdcmd',1);
REPLACE INTO employees(code,name,email,phone_number,department_id,avatar,username,password,active_flag) VALUES (86,'Thanh Vy Tăng','ThyGiang79@gmail.com','021 9707 3489',3,'https://i.imgur.com/bFbOCtQ.jpg','ThyGiang79@gmail.com','cmdcmd',1);
REPLACE INTO employees(code,name,email,phone_number,department_id,avatar,username,password,active_flag) VALUES (87,'Hiệp Dinh Tô','ThyNgc63@yahoo.com','029 8274 0835',3,'https://i.imgur.com/bFbOCtQ.jpg','ThyNgc63@yahoo.com','cmdcmd',1);
REPLACE INTO employees(code,name,email,phone_number,department_id,avatar,username,password,active_flag) VALUES (88,'Hoàn Châu Tăng','HuKhi.V29@gmail.com','0225 7332 3621',3,'https://i.imgur.com/bFbOCtQ.jpg','HuKhi.V29@gmail.com','cmdcmd',1);
REPLACE INTO employees(code,name,email,phone_number,department_id,avatar,username,password,active_flag) VALUES (89,'Như Ý Hồ','NgcHnh48@yahoo.com','022 1755 2052',3,'https://i.imgur.com/bFbOCtQ.jpg','NgcHnh48@yahoo.com','cmdcmd',1);
REPLACE INTO employees(code,name,email,phone_number,department_id,avatar,username,password,active_flag) VALUES (90,'Huy Lĩnh Vũ DDS','cTu34@yahoo.com','0269 7288 4811',3,'https://i.imgur.com/bFbOCtQ.jpg','cTu34@yahoo.com','cmdcmd',1);
REPLACE INTO employees(code,name,email,phone_number,department_id,avatar,username,password,active_flag) VALUES (91,'Mrs. Duy Hạnh Phan','HuynAnh.Phm50@yahoo.com','027 4688 3421',8,'https://i.imgur.com/bFbOCtQ.jpg','HuynAnh.Phm50@yahoo.com','cmdcmd',1);
REPLACE INTO employees(code,name,email,phone_number,department_id,avatar,username,password,active_flag) VALUES (92,'Trúc Phương Lâm','TSng86@hotmail.com','020 4040 6390',8,'https://i.imgur.com/bFbOCtQ.jpg','TSng86@hotmail.com','cmdcmd',1);
REPLACE INTO employees(code,name,email,phone_number,department_id,avatar,username,password,active_flag) VALUES (93,'Mrs. Hương Lan Đào','XunHnh_inh@gmail.com','0212 0465 7976',8,'https://i.imgur.com/bFbOCtQ.jpg','XunHnh_inh@gmail.com','cmdcmd',1);
REPLACE INTO employees(code,name,email,phone_number,department_id,avatar,username,password,active_flag) VALUES (94,'Diệu Hiền Lâm','ThinLam_Trnh@hotmail.com','023 0409 4839',8,'https://i.imgur.com/bFbOCtQ.jpg','ThinLam_Trnh@hotmail.com','cmdcmd',1);
REPLACE INTO employees(code,name,email,phone_number,department_id,avatar,username,password,active_flag) VALUES (95,'Phương Loan Trần','GiaPhong32@gmail.com','0212 9601 9964',8,'https://i.imgur.com/bFbOCtQ.jpg','GiaPhong32@gmail.com','cmdcmd',1);
REPLACE INTO employees(code,name,email,phone_number,department_id,avatar,username,password,active_flag) VALUES (96,'Cường Dũng Tô','VitKhu20@yahoo.com','0226 6701 9725',8,'https://i.imgur.com/bFbOCtQ.jpg','VitKhu20@yahoo.com','cmdcmd',1);
REPLACE INTO employees(code,name,email,phone_number,department_id,avatar,username,password,active_flag) VALUES (97,'Chiêu Dương Ngô','HngLy_@hotmail.com','028 2471 6127',8,'https://i.imgur.com/bFbOCtQ.jpg','HngLy_@hotmail.com','cmdcmd',1);
REPLACE INTO employees(code,name,email,phone_number,department_id,avatar,username,password,active_flag) VALUES (98,'Trí Hào Vương','ThinLng.V8@yahoo.com','020 3229 3891',8,'https://i.imgur.com/bFbOCtQ.jpg','ThinLng.V8@yahoo.com','cmdcmd',1);
REPLACE INTO employees(code,name,email,phone_number,department_id,avatar,username,password,active_flag) VALUES (99,'Ngọc Hạnh Tô','ThanhHng.Trng@yahoo.com','0259 2042 0175',8,'https://i.imgur.com/bFbOCtQ.jpg','ThanhHng.Trng@yahoo.com','cmdcmd',1);
REPLACE INTO employees(code,name,email,phone_number,department_id,avatar,username,password,active_flag) VALUES (100,'Thiên An Đỗ','ThAnh80@hotmail.com','022 5307 4482',8,'https://i.imgur.com/bFbOCtQ.jpg','ThAnh80@hotmail.com','cmdcmd',1);


REPLACE INTO roles(name) VALUES ('Điều hành các hoạt động của KTX');
REPLACE INTO roles(name) VALUES ('Duyệt các đề xuất nghỉ phép của sinh viên');
REPLACE INTO roles(name) VALUES ('Giải quyết các vấn đề tiền ăn và học phí');
REPLACE INTO roles(name) VALUES ('Quản lý cơ sở vật chất, an ninh KTX');
REPLACE INTO roles(name) VALUES ('Sinh viên');
REPLACE INTO roles(name) VALUES ('Nhận đề xuất và thực hiện sửa chữa hư hỏng cho các phòng');
REPLACE INTO roles(name) VALUES ('Quản lý, chấm điểm rèn luyện cho SV và điểm danh SV');

REPLACE INTO positions(name,department_id,is_manager,role_id) VALUES ('Thành viên ban quản lý KTX',1,true,1);
REPLACE INTO positions(name,department_id,is_manager,role_id) VALUES ('Giám thị',1,false,2);
REPLACE INTO positions(name,department_id,is_manager,role_id) VALUES ('Kế toán',1,false,3);
REPLACE INTO positions(name,department_id,is_manager,role_id) VALUES ('Trưởng đội 1',2,true,4);
REPLACE INTO positions(name,department_id,is_manager,role_id) VALUES ('Thành viên',3,false,5);
REPLACE INTO positions(name,department_id,is_manager,role_id) VALUES ('Thành viên',4,false,5);
REPLACE INTO positions(name,department_id,is_manager,role_id) VALUES ('Trưởng tầng 1',4,true,6);
REPLACE INTO positions(name,department_id,is_manager,role_id) VALUES ('Trưởng phòng sinh viên tầng 1',4,false,5);
REPLACE INTO positions(name,department_id,is_manager,role_id) VALUES ('Thành viên',5,false,5);
REPLACE INTO positions(name,department_id,is_manager,role_id) VALUES ('Trưởng tầng 2',5,true,6);
REPLACE INTO positions(name,department_id,is_manager,role_id) VALUES ('Trưởng phòng sinh viên tầng 2',5,false,5);
REPLACE INTO positions(name,department_id,is_manager,role_id) VALUES ('Thành viên',6,false,5);
REPLACE INTO positions(name,department_id,is_manager,role_id) VALUES ('Trưởng tầng 3',6,true,6);
REPLACE INTO positions(name,department_id,is_manager,role_id) VALUES ('Trưởng phòng sinh viên tầng 3',6,false,5);
REPLACE INTO positions(name,department_id,is_manager,role_id) VALUES ('Thành viên',7,false,5);
REPLACE INTO positions(name,department_id,is_manager,role_id) VALUES ('Trưởng tầng trệt',7,true,6);
REPLACE INTO positions(name,department_id,is_manager,role_id) VALUES ('Trưởng phòng sinh viên tầng trệt',7,false,5);
REPLACE INTO positions(name,department_id,is_manager,role_id) VALUES ('Thành viên',8,false,5);
REPLACE INTO positions(name,department_id,is_manager,role_id) VALUES ('Trưởng đội 2',8,true,7);


REPLACE INTO options(name) VALUES ('Hợp đồng kinh tế');
REPLACE INTO options(name) VALUES ('Hợp đồng');
REPLACE INTO options(name) VALUES ('Cảnh báo/nhắc nhở');
REPLACE INTO options(name) VALUES ('Thiết bị');
REPLACE INTO options(name) VALUES ('Phụ tùng');
REPLACE INTO options(name) VALUES ('Cảm biến');
REPLACE INTO options(name) VALUES ('Cảm biến');
REPLACE INTO options(name) VALUES ('Cảm biến');
REPLACE INTO options(name) VALUES ('Danh mục');
REPLACE INTO options(name) VALUES ('Danh mục kiểm tra');
REPLACE INTO options(name) VALUES ('Công việc');
REPLACE INTO options(name) VALUES ('Đề xuất');
REPLACE INTO options(name) VALUES ('Loại đề xuất');
REPLACE INTO options(name) VALUES ('Nhân viên');
REPLACE INTO options(name) VALUES ('Phòng ban');
REPLACE INTO options(name) VALUES ('Chức vụ');
REPLACE INTO options(name) VALUES ('Kho');
REPLACE INTO options(name) VALUES ('Vai trò');
REPLACE INTO options(name) VALUES ('Báo cáo');
REPLACE INTO options(name) VALUES ('Khách hàng');
REPLACE INTO options(name) VALUES ('Người dùng');
REPLACE INTO options(name) VALUES ('Chức năng công ty');
REPLACE INTO options(name) VALUES ('Thẻ');
REPLACE INTO options(name) VALUES ('Phân loại khách hàng');
REPLACE INTO options(name) VALUES ('Sản phẩm');
REPLACE INTO options(name) VALUES ('Sản phẩm');


REPLACE INTO permissions(name) VALUES ('Xem');
REPLACE INTO permissions(name) VALUES ('Tạo');
REPLACE INTO permissions(name) VALUES ('Sửa');
REPLACE INTO permissions(name) VALUES ('Xoá');
REPLACE INTO permissions(name) VALUES ('Xem hết');
REPLACE INTO permissions(name) VALUES ('Sửa hết');
REPLACE INTO permissions(name) VALUES ('Xoá hết');


REPLACE INTO role_details(role_id,option_id,permission_id) VALUES (5,11,1);
REPLACE INTO role_details(role_id,option_id,permission_id) VALUES (5,11,2);
REPLACE INTO role_details(role_id,option_id,permission_id) VALUES (5,11,3);
REPLACE INTO role_details(role_id,option_id,permission_id) VALUES (5,11,4);
REPLACE INTO role_details(role_id,option_id,permission_id) VALUES (5,12,1);
REPLACE INTO role_details(role_id,option_id,permission_id) VALUES (5,12,2);
REPLACE INTO role_details(role_id,option_id,permission_id) VALUES (5,12,3);
REPLACE INTO role_details(role_id,option_id,permission_id) VALUES (5,12,4);
REPLACE INTO role_details(role_id,option_id,permission_id) VALUES (5,14,1);
REPLACE INTO role_details(role_id,option_id,permission_id) VALUES (5,15,1);
REPLACE INTO role_details(role_id,option_id,permission_id) VALUES (4,11,1);
REPLACE INTO role_details(role_id,option_id,permission_id) VALUES (4,11,2);
REPLACE INTO role_details(role_id,option_id,permission_id) VALUES (4,11,3);
REPLACE INTO role_details(role_id,option_id,permission_id) VALUES (4,11,4);
REPLACE INTO role_details(role_id,option_id,permission_id) VALUES (4,11,5);
REPLACE INTO role_details(role_id,option_id,permission_id) VALUES (4,11,6);
REPLACE INTO role_details(role_id,option_id,permission_id) VALUES (4,12,1);
REPLACE INTO role_details(role_id,option_id,permission_id) VALUES (4,12,2);
REPLACE INTO role_details(role_id,option_id,permission_id) VALUES (4,12,3);
REPLACE INTO role_details(role_id,option_id,permission_id) VALUES (4,12,4);
REPLACE INTO role_details(role_id,option_id,permission_id) VALUES (4,12,5);
REPLACE INTO role_details(role_id,option_id,permission_id) VALUES (4,12,6);
REPLACE INTO role_details(role_id,option_id,permission_id) VALUES (4,14,1);
REPLACE INTO role_details(role_id,option_id,permission_id) VALUES (4,15,1);
REPLACE INTO role_details(role_id,option_id,permission_id) VALUES (4,16,1);
REPLACE INTO role_details(role_id,option_id,permission_id) VALUES (6,11,1);
REPLACE INTO role_details(role_id,option_id,permission_id) VALUES (6,11,2);
REPLACE INTO role_details(role_id,option_id,permission_id) VALUES (6,11,3);
REPLACE INTO role_details(role_id,option_id,permission_id) VALUES (6,11,4);
REPLACE INTO role_details(role_id,option_id,permission_id) VALUES (6,12,1);
REPLACE INTO role_details(role_id,option_id,permission_id) VALUES (6,12,2);
REPLACE INTO role_details(role_id,option_id,permission_id) VALUES (6,12,3);
REPLACE INTO role_details(role_id,option_id,permission_id) VALUES (6,12,4);
REPLACE INTO role_details(role_id,option_id,permission_id) VALUES (6,14,1);
REPLACE INTO role_details(role_id,option_id,permission_id) VALUES (6,15,1);
REPLACE INTO role_details(role_id,option_id,permission_id) VALUES (6,16,1);


REPLACE INTO statuses(name) VALUES ('Hoàn tất');
REPLACE INTO statuses(name) VALUES ('Bị từ chối');
REPLACE INTO statuses(name) VALUES ('Đã huỷ');
REPLACE INTO statuses(name) VALUES ('Mới');
REPLACE INTO statuses(name) VALUES ('Đang làm');
REPLACE INTO statuses(name) VALUES ('Chờ xác nhận');
REPLACE INTO statuses(name) VALUES ('Hoàn thành');
REPLACE INTO statuses(name) VALUES ('Quá hạn');
REPLACE INTO statuses(name) VALUES ('Chờ');


REPLACE INTO data_types(name) VALUES ('Textarea');
REPLACE INTO data_types(name) VALUES ('Dropdown');
REPLACE INTO data_types(name) VALUES ('Radio');
REPLACE INTO data_types(name) VALUES ('Checkbox');
REPLACE INTO data_types(name) VALUES ('Number');
REPLACE INTO data_types(name) VALUES ('Calculator');
REPLACE INTO data_types(name) VALUES ('Relation');
REPLACE INTO data_types(name) VALUES ('Attachment');
REPLACE INTO data_types(name) VALUES ('Datetime');
REPLACE INTO data_types(name) VALUES ('Repeater');
REPLACE INTO data_types(name) VALUES ('Label');



REPLACE INTO tasks(title,description,status_id,creator_id,receiver_id) VALUES ('khoan xe nghỉ','Đánh nước làm đã bè xanh thích máy thôi.
Thương mượn áo tôi thuyền độc ghét hết ngọt.',9,15,46);
REPLACE INTO tasks(title,description,status_id,creator_id,receiver_id) VALUES ('cửa á ác','Được vá không quần.',2,57,24);
REPLACE INTO tasks(title,description,status_id,creator_id,receiver_id) VALUES ('tủ bè vẽ','Lỗi tám đồng làm mượn.
Không đang một mười bàn bảy tôi.
Ruộng áo tô đạp hàng.',5,4,72);
REPLACE INTO tasks(title,description,status_id,creator_id,receiver_id) VALUES ('đồng hết thôi','Ừ đánh áo được gì thế.
Tám thích mướn tôi bốn việc núi con.
Tui việc cái ừ giày con không.',4,19,7);
REPLACE INTO tasks(title,description,status_id,creator_id,receiver_id) VALUES ('chín đang may','Thương gì khâu chết dép chết ghét.
Biển năm nha đập quần.
Việc bảy vàng nhà dép đạp giày thì.',4,43,35);
REPLACE INTO tasks(title,description,status_id,creator_id,receiver_id) VALUES ('quê thuê trời','Đá may vẽ cửa không tô ghét.',8,8,79);
REPLACE INTO tasks(title,description,status_id,creator_id,receiver_id) VALUES ('đập tô tàu','Máy hết ghế leo đỏ hai gió.
Hai yêu xuồng tàu trăng thích đánh mua.
Biết bè đạp.
Ngọt núi hàng á tui xuồng dép.',4,88,9);
REPLACE INTO tasks(title,description,status_id,creator_id,receiver_id) VALUES ('xuồng đâu lỗi','Việc tàu quê kim nghỉ xe.
Việc tui sáu khâu khoan.',8,33,26);
REPLACE INTO tasks(title,description,status_id,creator_id,receiver_id) VALUES ('thuê được trăng','Cái năm nước mượn biển lỗi bơi xuồng ờ không.',7,85,93);
REPLACE INTO tasks(title,description,status_id,creator_id,receiver_id) VALUES ('mười biết áo','Bè tàu gì tủ ngọt xe quần bảy.',4,52,41);
REPLACE INTO tasks(title,description,status_id,creator_id,receiver_id) VALUES ('thuê vàng trời','Cửa mượn mua thì ba kim hết bảy mượn leo.',4,11,88);
REPLACE INTO tasks(title,description,status_id,creator_id,receiver_id) VALUES ('biển ruộng gió','Biết bàn viết bơi.',5,9,67);
REPLACE INTO tasks(title,description,status_id,creator_id,receiver_id) VALUES ('ờ bảy phá','Chỉ phá vẽ một chín một hết đâu.
Hết quê ruộng viết.',7,18,77);
REPLACE INTO tasks(title,description,status_id,creator_id,receiver_id) VALUES ('là khoảng biển','Yêu ác hàng thuyền yêu lầu.
Áo ruộng chỉ thôi sáu núi.
Mây ác trăng anh bạn việc may vàng.',9,58,99);
REPLACE INTO tasks(title,description,status_id,creator_id,receiver_id) VALUES ('chỉ đã thì','Vá bơi trời trăng.
Gió vàng nha nước ghế quần anh chìm.
Gì ruộng đạp thôi tím.
Bơi khoảng đồng sáu.',8,44,53);
REPLACE INTO tasks(title,description,status_id,creator_id,receiver_id) VALUES ('hai thuyền xe','Đang em ghét nước thế lầu xe may.
Núi vàng một độc.
Vá tím nước.',9,67,44);
REPLACE INTO tasks(title,description,status_id,creator_id,receiver_id) VALUES ('yêu biết tủ','Hai áo cửa ờ tôi trời đã đang chỉ.
Hết gì ngọt đánh vẽ đang được chết tím.
Tủ hết vá hết.
Vàng mua thuê làm mướn ghét.
Tui chín viết bạn mướn thuê.',4,64,42);
REPLACE INTO tasks(title,description,status_id,creator_id,receiver_id) VALUES ('vẽ yêu xuồng','Đã mượn đã.
Ghế hai chết kim làm năm em biển mượn.
Thuê hàng hết máy làm tô đạp chỉ tô viết.
Đập đá anh ờ nghỉ thế.',6,100,74);
REPLACE INTO tasks(title,description,status_id,creator_id,receiver_id) VALUES ('đồng em xuồng','Áo bảy thuyền hóa là bạn thuê gió.
Leo xuồng thì việc tui ngọt á nhà làm.
Ghế mười làm dép.
Lỗi xanh yêu cái.',5,55,61);
REPLACE INTO tasks(title,description,status_id,creator_id,receiver_id) VALUES ('hết nước lầu','Quần đồng máy chỉ.
Bạn ghét khoan hết.
Phá bốn năm leo.
Mây vàng bạn ghét hai là.',3,60,16);
REPLACE INTO tasks(title,description,status_id,creator_id,receiver_id) VALUES ('dép lầu hương','Hết ba thì ừ núi thì được.
Hết bạn vàng vàng không quần trăng đánh không.
Quê đá đồng nón xanh.',9,20,39);
REPLACE INTO tasks(title,description,status_id,creator_id,receiver_id) VALUES ('phá thôi đồng','Chìm thế núi tàu ghét mướn hương bơi ghế.
Mướn giết thôi.',9,60,84);
REPLACE INTO tasks(title,description,status_id,creator_id,receiver_id) VALUES ('một nghỉ tô','Đồng thôi lỗi.
Tủ tím chết biển chỉ thế ừ không mười.
Năm đang tím phá thì năm ờ con mười.',2,73,2);
REPLACE INTO tasks(title,description,status_id,creator_id,receiver_id) VALUES ('thế biển máy','Thuê kim là đập vàng dép đang.
Hết gì em.',4,37,90);
REPLACE INTO tasks(title,description,status_id,creator_id,receiver_id) VALUES ('quê ghế thế','Ừ gió làm được nhà cái quê.
Ngọt làm tôi ngọt được gì thế anh cửa giết.
Tàu ừ gió tui mua may đồng.',8,13,88);
REPLACE INTO tasks(title,description,status_id,creator_id,receiver_id) VALUES ('kim viết hết','Cửa tàu tủ là á việc khoảng cái.
Nón khoảng gió vẽ trời vẽ leo may thì.',5,77,24);
REPLACE INTO tasks(title,description,status_id,creator_id,receiver_id) VALUES ('trời nước việc','Leo ghét một kim nghỉ quê.
Thôi lỗi thương năm.
Khoan xuồng đá máy không.
Nón á tôi.',1,100,45);
REPLACE INTO tasks(title,description,status_id,creator_id,receiver_id) VALUES ('đỏ mua ngọt','Cửa ngọt giết gì ghét chỉ ruộng vá.
Nước đánh vá bàn xe xanh ruộng nước.
Áo thuê mua thích bạn.
Vàng năm thuyền.',6,50,26);
REPLACE INTO tasks(title,description,status_id,creator_id,receiver_id) VALUES ('ác ờ may','Bạn chết giết năm mượn ghét tui cửa xanh.
Ba tủ tủ em xuồng biển.
Tàu năm nhà đã tám đá nước.
Bảy không đập ghét giết hết lỗi.
Mua hết là bè ác.',3,86,42);
REPLACE INTO tasks(title,description,status_id,creator_id,receiver_id) VALUES ('hóa may núi','Ờ quần bạn.
Năm anh hóa bơi ghế thế bè bạn.
Đâu chỉ thì.
Bảy không mua bè.',9,60,77);

REPLACE INTO task_his(task_id,status_id,receiver_id) VALUES (1,9,46);
REPLACE INTO task_his(task_id,status_id,receiver_id) VALUES (2,2,24);
REPLACE INTO task_his(task_id,status_id,receiver_id) VALUES (3,5,72);
REPLACE INTO task_his(task_id,status_id,receiver_id) VALUES (4,4,7);
REPLACE INTO task_his(task_id,status_id,receiver_id) VALUES (5,4,35);
REPLACE INTO task_his(task_id,status_id,receiver_id) VALUES (6,8,79);
REPLACE INTO task_his(task_id,status_id,receiver_id) VALUES (7,4,9);
REPLACE INTO task_his(task_id,status_id,receiver_id) VALUES (8,8,26);
REPLACE INTO task_his(task_id,status_id,receiver_id) VALUES (9,7,93);
REPLACE INTO task_his(task_id,status_id,receiver_id) VALUES (10,4,41);
REPLACE INTO task_his(task_id,status_id,receiver_id) VALUES (11,4,88);
REPLACE INTO task_his(task_id,status_id,receiver_id) VALUES (12,5,67);
REPLACE INTO task_his(task_id,status_id,receiver_id) VALUES (13,7,77);
REPLACE INTO task_his(task_id,status_id,receiver_id) VALUES (14,9,99);
REPLACE INTO task_his(task_id,status_id,receiver_id) VALUES (15,8,53);
REPLACE INTO task_his(task_id,status_id,receiver_id) VALUES (16,9,44);
REPLACE INTO task_his(task_id,status_id,receiver_id) VALUES (17,4,42);
REPLACE INTO task_his(task_id,status_id,receiver_id) VALUES (18,6,74);
REPLACE INTO task_his(task_id,status_id,receiver_id) VALUES (19,5,61);
REPLACE INTO task_his(task_id,status_id,receiver_id) VALUES (20,3,16);
REPLACE INTO task_his(task_id,status_id,receiver_id) VALUES (21,9,39);
REPLACE INTO task_his(task_id,status_id,receiver_id) VALUES (22,9,84);
REPLACE INTO task_his(task_id,status_id,receiver_id) VALUES (23,2,2);
REPLACE INTO task_his(task_id,status_id,receiver_id) VALUES (24,4,90);
REPLACE INTO task_his(task_id,status_id,receiver_id) VALUES (25,8,88);
REPLACE INTO task_his(task_id,status_id,receiver_id) VALUES (26,5,24);
REPLACE INTO task_his(task_id,status_id,receiver_id) VALUES (27,1,45);
REPLACE INTO task_his(task_id,status_id,receiver_id) VALUES (28,6,26);
REPLACE INTO task_his(task_id,status_id,receiver_id) VALUES (29,3,42);
REPLACE INTO task_his(task_id,status_id,receiver_id) VALUES (30,9,77);


REPLACE INTO proposal_types(name) VALUES ('Đăng ký sửa chữa');
REPLACE INTO proposal_types(name) VALUES ('Đề xuất mua hàng');


REPLACE INTO proposal_type_details(proposal_type_id,field_name,data_type_id) VALUES (1,'Mục đích/Lý do',1);
REPLACE INTO proposal_type_details(proposal_type_id,field_name,data_type_id) VALUES (1,'Tình trạng hư hỏng',2);
REPLACE INTO proposal_type_details(proposal_type_id,field_name,data_type_id) VALUES (1,'Số phòng',1);
REPLACE INTO proposal_type_details(proposal_type_id,field_name,data_type_id) VALUES (1,'Ghi chú',2);
REPLACE INTO proposal_type_details(proposal_type_id,field_name,data_type_id) VALUES (2,'Mục đích/Lý do',1);
REPLACE INTO proposal_type_details(proposal_type_id,field_name,data_type_id) VALUES (2,'Tên vật tư',1);
REPLACE INTO proposal_type_details(proposal_type_id,field_name,data_type_id) VALUES (2,'Số lượng',1);
REPLACE INTO proposal_type_details(proposal_type_id,field_name,data_type_id) VALUES (2,'Đơn gía',1);


REPLACE INTO approval_steps(approval_step_name,approval_step_index,proposal_type_id) VALUES ('Phê duyệt','1','1');
REPLACE INTO approval_steps(approval_step_name,approval_step_index,proposal_type_id) VALUES ('Kế toán','1','2');



REPLACE INTO positions_employees(employee_id,position_id) VALUES (1,15);
REPLACE INTO positions_employees(employee_id,position_id) VALUES (2,15);
REPLACE INTO positions_employees(employee_id,position_id) VALUES (3,15);
REPLACE INTO positions_employees(employee_id,position_id) VALUES (4,15);
REPLACE INTO positions_employees(employee_id,position_id) VALUES (5,15);
REPLACE INTO positions_employees(employee_id,position_id) VALUES (6,15);
REPLACE INTO positions_employees(employee_id,position_id) VALUES (7,15);
REPLACE INTO positions_employees(employee_id,position_id) VALUES (8,15);
REPLACE INTO positions_employees(employee_id,position_id) VALUES (9,15);
REPLACE INTO positions_employees(employee_id,position_id) VALUES (10,15);
REPLACE INTO positions_employees(employee_id,position_id) VALUES (11,15);
REPLACE INTO positions_employees(employee_id,position_id) VALUES (12,15);
REPLACE INTO positions_employees(employee_id,position_id) VALUES (13,15);
REPLACE INTO positions_employees(employee_id,position_id) VALUES (14,15);
REPLACE INTO positions_employees(employee_id,position_id) VALUES (15,15);
REPLACE INTO positions_employees(employee_id,position_id) VALUES (16,8);
REPLACE INTO positions_employees(employee_id,position_id) VALUES (17,6);
REPLACE INTO positions_employees(employee_id,position_id) VALUES (18,6);
REPLACE INTO positions_employees(employee_id,position_id) VALUES (19,6);
REPLACE INTO positions_employees(employee_id,position_id) VALUES (20,6);
REPLACE INTO positions_employees(employee_id,position_id) VALUES (21,6);
REPLACE INTO positions_employees(employee_id,position_id) VALUES (22,6);
REPLACE INTO positions_employees(employee_id,position_id) VALUES (23,6);
REPLACE INTO positions_employees(employee_id,position_id) VALUES (24,6);
REPLACE INTO positions_employees(employee_id,position_id) VALUES (25,6);
REPLACE INTO positions_employees(employee_id,position_id) VALUES (26,6);
REPLACE INTO positions_employees(employee_id,position_id) VALUES (27,6);
REPLACE INTO positions_employees(employee_id,position_id) VALUES (28,6);
REPLACE INTO positions_employees(employee_id,position_id) VALUES (29,6);
REPLACE INTO positions_employees(employee_id,position_id) VALUES (30,6);
REPLACE INTO positions_employees(employee_id,position_id) VALUES (31,11);
REPLACE INTO positions_employees(employee_id,position_id) VALUES (32,9);
REPLACE INTO positions_employees(employee_id,position_id) VALUES (33,9);
REPLACE INTO positions_employees(employee_id,position_id) VALUES (34,9);
REPLACE INTO positions_employees(employee_id,position_id) VALUES (35,9);
REPLACE INTO positions_employees(employee_id,position_id) VALUES (36,9);
REPLACE INTO positions_employees(employee_id,position_id) VALUES (37,9);
REPLACE INTO positions_employees(employee_id,position_id) VALUES (38,9);
REPLACE INTO positions_employees(employee_id,position_id) VALUES (39,9);
REPLACE INTO positions_employees(employee_id,position_id) VALUES (40,9);
REPLACE INTO positions_employees(employee_id,position_id) VALUES (41,9);
REPLACE INTO positions_employees(employee_id,position_id) VALUES (42,9);
REPLACE INTO positions_employees(employee_id,position_id) VALUES (43,9);
REPLACE INTO positions_employees(employee_id,position_id) VALUES (44,9);
REPLACE INTO positions_employees(employee_id,position_id) VALUES (45,9);
REPLACE INTO positions_employees(employee_id,position_id) VALUES (46,14);
REPLACE INTO positions_employees(employee_id,position_id) VALUES (47,12);
REPLACE INTO positions_employees(employee_id,position_id) VALUES (48,12);
REPLACE INTO positions_employees(employee_id,position_id) VALUES (49,12);
REPLACE INTO positions_employees(employee_id,position_id) VALUES (50,12);
REPLACE INTO positions_employees(employee_id,position_id) VALUES (51,12);
REPLACE INTO positions_employees(employee_id,position_id) VALUES (52,12);
REPLACE INTO positions_employees(employee_id,position_id) VALUES (53,12);
REPLACE INTO positions_employees(employee_id,position_id) VALUES (54,12);
REPLACE INTO positions_employees(employee_id,position_id) VALUES (55,12);
REPLACE INTO positions_employees(employee_id,position_id) VALUES (56,12);
REPLACE INTO positions_employees(employee_id,position_id) VALUES (57,12);
REPLACE INTO positions_employees(employee_id,position_id) VALUES (58,12);
REPLACE INTO positions_employees(employee_id,position_id) VALUES (59,12);
REPLACE INTO positions_employees(employee_id,position_id) VALUES (60,12);
REPLACE INTO positions_employees(employee_id,position_id) VALUES (61,1);
REPLACE INTO positions_employees(employee_id,position_id) VALUES (62,1);
REPLACE INTO positions_employees(employee_id,position_id) VALUES (63,1);
REPLACE INTO positions_employees(employee_id,position_id) VALUES (64,1);
REPLACE INTO positions_employees(employee_id,position_id) VALUES (65,1);
REPLACE INTO positions_employees(employee_id,position_id) VALUES (66,1);
REPLACE INTO positions_employees(employee_id,position_id) VALUES (67,1);
REPLACE INTO positions_employees(employee_id,position_id) VALUES (68,1);
REPLACE INTO positions_employees(employee_id,position_id) VALUES (69,1);
REPLACE INTO positions_employees(employee_id,position_id) VALUES (70,1);
REPLACE INTO positions_employees(employee_id,position_id) VALUES (71,1);
REPLACE INTO positions_employees(employee_id,position_id) VALUES (72,1);
REPLACE INTO positions_employees(employee_id,position_id) VALUES (73,1);
REPLACE INTO positions_employees(employee_id,position_id) VALUES (74,1);
REPLACE INTO positions_employees(employee_id,position_id) VALUES (75,1);
REPLACE INTO positions_employees(employee_id,position_id) VALUES (76,5);
REPLACE INTO positions_employees(employee_id,position_id) VALUES (77,5);
REPLACE INTO positions_employees(employee_id,position_id) VALUES (78,5);
REPLACE INTO positions_employees(employee_id,position_id) VALUES (79,5);
REPLACE INTO positions_employees(employee_id,position_id) VALUES (80,5);
REPLACE INTO positions_employees(employee_id,position_id) VALUES (81,5);
REPLACE INTO positions_employees(employee_id,position_id) VALUES (82,5);
REPLACE INTO positions_employees(employee_id,position_id) VALUES (83,5);
REPLACE INTO positions_employees(employee_id,position_id) VALUES (84,5);
REPLACE INTO positions_employees(employee_id,position_id) VALUES (85,5);
REPLACE INTO positions_employees(employee_id,position_id) VALUES (86,5);
REPLACE INTO positions_employees(employee_id,position_id) VALUES (87,5);
REPLACE INTO positions_employees(employee_id,position_id) VALUES (88,5);
REPLACE INTO positions_employees(employee_id,position_id) VALUES (89,5);
REPLACE INTO positions_employees(employee_id,position_id) VALUES (90,5);
REPLACE INTO positions_employees(employee_id,position_id) VALUES (91,6);
REPLACE INTO positions_employees(employee_id,position_id) VALUES (92,6);
REPLACE INTO positions_employees(employee_id,position_id) VALUES (93,6);
REPLACE INTO positions_employees(employee_id,position_id) VALUES (94,6);
REPLACE INTO positions_employees(employee_id,position_id) VALUES (95,6);
REPLACE INTO positions_employees(employee_id,position_id) VALUES (96,6);
REPLACE INTO positions_employees(employee_id,position_id) VALUES (97,6);
REPLACE INTO positions_employees(employee_id,position_id) VALUES (98,6);
REPLACE INTO positions_employees(employee_id,position_id) VALUES (99,6);
REPLACE INTO positions_employees(employee_id,position_id) VALUES (100,6);

REPLACE INTO proposals_permissions(proposal_type_id,department_id,position_id,employee_id) VALUES (2,5,1,41);
REPLACE INTO proposals_permissions(proposal_type_id,department_id,position_id,employee_id) VALUES (2,1,3,43);


REPLACE INTO approval_step_details(approval_step_id,employee_id,department_id,position_id) VALUES (1,1,3,16);
REPLACE INTO approval_step_details(approval_step_id,employee_id,department_id,position_id) VALUES (1,2,1,7);
REPLACE INTO approval_step_details(approval_step_id,employee_id,department_id,position_id) VALUES (1,3,2,10);
REPLACE INTO approval_step_details(approval_step_id,employee_id,department_id,position_id) VALUES (1,1,4,13);



REPLACE INTO proposals(proposal_type_id,creator_id,status_id) VALUES (1,45,1);
REPLACE INTO proposals(proposal_type_id,creator_id,status_id) VALUES (1,54,1);
REPLACE INTO proposals(proposal_type_id,creator_id,status_id) VALUES (1,75,1);
REPLACE INTO proposals(proposal_type_id,creator_id,status_id) VALUES (1,15,1);
REPLACE INTO proposals(proposal_type_id,creator_id,status_id) VALUES (1,48,1);
REPLACE INTO proposals(proposal_type_id,creator_id,status_id) VALUES (1,19,1);
REPLACE INTO proposals(proposal_type_id,creator_id,status_id) VALUES (1,9,1);
REPLACE INTO proposals(proposal_type_id,creator_id,status_id) VALUES (1,10,1);
REPLACE INTO proposals(proposal_type_id,creator_id,status_id) VALUES (1,66,1);
REPLACE INTO proposals(proposal_type_id,creator_id,status_id) VALUES (1,22,1);
REPLACE INTO proposals(proposal_type_id,creator_id,status_id) VALUES (1,75,1);
REPLACE INTO proposals(proposal_type_id,creator_id,status_id) VALUES (1,17,1);
REPLACE INTO proposals(proposal_type_id,creator_id,status_id) VALUES (1,10,1);
REPLACE INTO proposals(proposal_type_id,creator_id,status_id) VALUES (1,17,1);
REPLACE INTO proposals(proposal_type_id,creator_id,status_id) VALUES (1,72,1);
REPLACE INTO proposals(proposal_type_id,creator_id,status_id) VALUES (1,38,1);
REPLACE INTO proposals(proposal_type_id,creator_id,status_id) VALUES (1,47,1);
REPLACE INTO proposals(proposal_type_id,creator_id,status_id) VALUES (1,69,1);
REPLACE INTO proposals(proposal_type_id,creator_id,status_id) VALUES (1,32,1);
REPLACE INTO proposals(proposal_type_id,creator_id,status_id) VALUES (1,41,1);
REPLACE INTO proposals(proposal_type_id,creator_id,status_id) VALUES (1,19,1);
REPLACE INTO proposals(proposal_type_id,creator_id,status_id) VALUES (1,75,1);
REPLACE INTO proposals(proposal_type_id,creator_id,status_id) VALUES (1,75,1);
REPLACE INTO proposals(proposal_type_id,creator_id,status_id) VALUES (1,66,1);
REPLACE INTO proposals(proposal_type_id,creator_id,status_id) VALUES (1,8,1);
REPLACE INTO proposals(proposal_type_id,creator_id,status_id) VALUES (1,47,1);
REPLACE INTO proposals(proposal_type_id,creator_id,status_id) VALUES (1,37,1);
REPLACE INTO proposals(proposal_type_id,creator_id,status_id) VALUES (1,69,1);
REPLACE INTO proposals(proposal_type_id,creator_id,status_id) VALUES (1,5,1);
REPLACE INTO proposals(proposal_type_id,creator_id,status_id) VALUES (1,23,1);


REPLACE INTO proposal_details(proposal_id,proposal_detail_index,content) VALUES (1,1,'Ghét kim tám việc.');
REPLACE INTO proposal_details(proposal_id,proposal_detail_index,content) VALUES (1,2,'Nhà ngọt xuồng tui ghét thích may bạn xanh.
Lỗi mây ghế hóa.
Á bốn tủ bè.
Bàn bảy biết.
Lỗi bốn mướn phá núi tủ.');
REPLACE INTO proposal_details(proposal_id,proposal_detail_index,content) VALUES (1,3,'11426');
REPLACE INTO proposal_details(proposal_id,proposal_detail_index,content) VALUES (1,4,'Quê tủ chỉ.');
REPLACE INTO proposal_details(proposal_id,proposal_detail_index,content) VALUES (2,1,'Tàu chỉ làm biển em leo bốn tám.');
REPLACE INTO proposal_details(proposal_id,proposal_detail_index,content) VALUES (2,2,'Mượn đang xuồng năm đỏ nón.
Tàu đang con bạn đá hết.');
REPLACE INTO proposal_details(proposal_id,proposal_detail_index,content) VALUES (2,3,'24170');
REPLACE INTO proposal_details(proposal_id,proposal_detail_index,content) VALUES (2,4,'Chết đập được làm quần việc mười bốn thuê.
Quần tôi khoảng hết ừ bơi xanh thích leo.
Lỗi khoan giày chết núi độc anh nhà yêu.
Tui bàn biết biển dép kim nước ác giết.
Năm độc sáu chìm đang đá việc chín tôi được.');
REPLACE INTO proposal_details(proposal_id,proposal_detail_index,content) VALUES (3,1,'Đồng gió tàu cái khoan khoan nhà.');
REPLACE INTO proposal_details(proposal_id,proposal_detail_index,content) VALUES (3,2,'Đã đã tủ anh ruộng xe.
Dép thương hóa phá nha ngọt thì thích đập đang.');
REPLACE INTO proposal_details(proposal_id,proposal_detail_index,content) VALUES (3,3,'11018');
REPLACE INTO proposal_details(proposal_id,proposal_detail_index,content) VALUES (3,4,'Độc ừ mướn con.
Hết bảy chỉ viết.
Gì được kim quần.');
REPLACE INTO proposal_details(proposal_id,proposal_detail_index,content) VALUES (4,1,'Độc trời bạn giết giày đã thích.');
REPLACE INTO proposal_details(proposal_id,proposal_detail_index,content) VALUES (4,2,'Đỏ giày khoan.
Xe là không hết nón xuồng thuê.
Tui bạn ờ đạp làm hóa tám thế nhà bè.
Bảy thuyền chỉ ghế thế.');
REPLACE INTO proposal_details(proposal_id,proposal_detail_index,content) VALUES (4,3,'26117');
REPLACE INTO proposal_details(proposal_id,proposal_detail_index,content) VALUES (4,4,'Tui khâu là thôi chỉ ghế chín chỉ núi.
Ruộng cửa đập khoảng làm.');
REPLACE INTO proposal_details(proposal_id,proposal_detail_index,content) VALUES (5,1,'Thế thế lỗi không không con cửa bốn.');
REPLACE INTO proposal_details(proposal_id,proposal_detail_index,content) VALUES (5,2,'Thôi chìm ba năm hết gió chết tím nón.
Xanh đạp núi nha hết con nha chìm.');
REPLACE INTO proposal_details(proposal_id,proposal_detail_index,content) VALUES (5,3,'18444');
REPLACE INTO proposal_details(proposal_id,proposal_detail_index,content) VALUES (5,4,'Đồng hết khoan lầu tui đập vẽ ờ vàng.
Đã là ruộng mướn tím chết ruộng.
Làm đang leo năm tô thôi.');
REPLACE INTO proposal_details(proposal_id,proposal_detail_index,content) VALUES (6,1,'Khoan mười núi dép may chỉ độc áo.');
REPLACE INTO proposal_details(proposal_id,proposal_detail_index,content) VALUES (6,2,'Thôi tủ hết kim.
Cửa lầu chỉ thuê quê núi bốn chết khâu vẽ.
Được làm giết tui nghỉ trời tủ thì á cửa.');
REPLACE INTO proposal_details(proposal_id,proposal_detail_index,content) VALUES (6,3,'27617');
REPLACE INTO proposal_details(proposal_id,proposal_detail_index,content) VALUES (6,4,'Cái máy đã.');
REPLACE INTO proposal_details(proposal_id,proposal_detail_index,content) VALUES (7,1,'Tám xanh vá biển việc giày leo thế mười đang.');
REPLACE INTO proposal_details(proposal_id,proposal_detail_index,content) VALUES (7,2,'Ruộng xe đánh kim hết mười.
Mượn vá lỗi á.
Lầu lầu năm thôi núi viết.
Sáu việc mượn ngọt.');
REPLACE INTO proposal_details(proposal_id,proposal_detail_index,content) VALUES (7,3,'28305');
REPLACE INTO proposal_details(proposal_id,proposal_detail_index,content) VALUES (7,4,'Xuồng đỏ thích á.
Con tô tàu thôi đá ác trời đồng nha.');
REPLACE INTO proposal_details(proposal_id,proposal_detail_index,content) VALUES (8,1,'Yêu đập máy bốn kim biết tàu.');
REPLACE INTO proposal_details(proposal_id,proposal_detail_index,content) VALUES (8,2,'Độc ruộng thương khoảng được.
Một leo không.
Một đã không đỏ giày một hết giày.');
REPLACE INTO proposal_details(proposal_id,proposal_detail_index,content) VALUES (8,3,'27700');
REPLACE INTO proposal_details(proposal_id,proposal_detail_index,content) VALUES (8,4,'Cái tủ đỏ em đá quê ờ ngọt vàng được.
Tàu chìm thương đỏ.');
REPLACE INTO proposal_details(proposal_id,proposal_detail_index,content) VALUES (9,1,'Ờ ghế tủ ờ hàng được hết kim bè chín.');
REPLACE INTO proposal_details(proposal_id,proposal_detail_index,content) VALUES (9,2,'Anh thế ruộng xe leo năm mua thế thôi.
Nha thương xuồng hương.');
REPLACE INTO proposal_details(proposal_id,proposal_detail_index,content) VALUES (9,3,'24445');
REPLACE INTO proposal_details(proposal_id,proposal_detail_index,content) VALUES (9,4,'Hết cái leo trời mười thuyền.');
REPLACE INTO proposal_details(proposal_id,proposal_detail_index,content) VALUES (10,1,'Chìm gì đang đạp may đỏ được lỗi đâu giết.');
REPLACE INTO proposal_details(proposal_id,proposal_detail_index,content) VALUES (10,2,'Nước trời xanh.');
REPLACE INTO proposal_details(proposal_id,proposal_detail_index,content) VALUES (10,3,'6437');
REPLACE INTO proposal_details(proposal_id,proposal_detail_index,content) VALUES (10,4,'Chỉ đập đá áo khoảng tím viết.
Xuồng tôi thích khoan tủ tô đập thuê trời.
Một thuê năm chìm đá chỉ nha lầu quê hàng.
Hết viết lầu nghỉ nước sáu hai leo đã thế.
Năm giày đánh nhà xuồng hai ghét.');
REPLACE INTO proposal_details(proposal_id,proposal_detail_index,content) VALUES (11,1,'Chỉ thích máy ba xuồng đập.');
REPLACE INTO proposal_details(proposal_id,proposal_detail_index,content) VALUES (11,2,'Thế ờ được thuyền mướn viết.
Biển viết bơi đâu yêu yêu áo.
Hết ghét hết ừ đang bè hết mây.');
REPLACE INTO proposal_details(proposal_id,proposal_detail_index,content) VALUES (11,3,'31477');
REPLACE INTO proposal_details(proposal_id,proposal_detail_index,content) VALUES (11,4,'Khoan thương thích thuê mây giết giết.
Đồng bốn đang chết leo khoảng.
Cái một bè mượn đỏ ba nha dép tôi.
Đồng kim giết xe năm ngọt trăng trời ngọt ngọt.
Mười tím ghét thuê một thuê.');
REPLACE INTO proposal_details(proposal_id,proposal_detail_index,content) VALUES (12,1,'Ác đâu đập ruộng làm.');
REPLACE INTO proposal_details(proposal_id,proposal_detail_index,content) VALUES (12,2,'Khâu dép nha đỏ chìm làm.
Đâu quần con khoảng đỏ thôi.
Xuồng kim bảy là lỗi.');
REPLACE INTO proposal_details(proposal_id,proposal_detail_index,content) VALUES (12,3,'21759');
REPLACE INTO proposal_details(proposal_id,proposal_detail_index,content) VALUES (12,4,'Thích được chín khoảng ghét em độc mây leo.
Viết con quê vẽ ừ vàng gió.');
REPLACE INTO proposal_details(proposal_id,proposal_detail_index,content) VALUES (13,1,'Anh làm chết tô xe chín đang vẽ giết.');
REPLACE INTO proposal_details(proposal_id,proposal_detail_index,content) VALUES (13,2,'Hai nón mượn núi viết cái.
Gió ghét ruộng chìm tàu mướn thế đập nón.
Khoảng leo mượn con vàng núi áo một.');
REPLACE INTO proposal_details(proposal_id,proposal_detail_index,content) VALUES (13,3,'12254');
REPLACE INTO proposal_details(proposal_id,proposal_detail_index,content) VALUES (13,4,'Áo mượn ừ nghỉ đập làm.
Tám xanh chìm mây mây làm núi độc.
Mười tôi chìm đồng khoảng.');
REPLACE INTO proposal_details(proposal_id,proposal_detail_index,content) VALUES (14,1,'Nhà xe mười may viết.');
REPLACE INTO proposal_details(proposal_id,proposal_detail_index,content) VALUES (14,2,'Tôi nước chín em đồng là phá.
Thương hóa tui vàng thuyền núi đang vá xuồng ba.');
REPLACE INTO proposal_details(proposal_id,proposal_detail_index,content) VALUES (14,3,'1573');
REPLACE INTO proposal_details(proposal_id,proposal_detail_index,content) VALUES (14,4,'Áo năm lỗi tủ viết thôi mười đỏ.
Đâu gió năm bơi biết bơi gió mười.
Biết ác mây trăng quê thuyền sáu đạp làm vàng.');
REPLACE INTO proposal_details(proposal_id,proposal_detail_index,content) VALUES (15,1,'Đã trăng chìm.');
REPLACE INTO proposal_details(proposal_id,proposal_detail_index,content) VALUES (15,2,'Đập mười viết tui năm việc bạn.
Ghế dép giày tui.
Được giết đạp mướn ờ sáu tôi thế.
Thích chết đỏ nước hai tàu hương ghét.');
REPLACE INTO proposal_details(proposal_id,proposal_detail_index,content) VALUES (15,3,'435');
REPLACE INTO proposal_details(proposal_id,proposal_detail_index,content) VALUES (15,4,'Thì tàu độc quê ừ đồng.
Bè nghỉ đỏ bảy mượn nghỉ gì xe.
Khâu mây hàng ghế khâu xuồng thuyền.
Em hai dép.');
REPLACE INTO proposal_details(proposal_id,proposal_detail_index,content) VALUES (16,1,'Hết vá nghỉ bạn thuyền.');
REPLACE INTO proposal_details(proposal_id,proposal_detail_index,content) VALUES (16,2,'Đang bơi ác.
Biển xanh hết khoan thôi hương yêu anh.
Chín quần vá yêu ba xuồng hương nón mượn chết.
Mua trời chết nước leo thương dép ừ nha độc.
Ừ đá mười biển mua.');
REPLACE INTO proposal_details(proposal_id,proposal_detail_index,content) VALUES (16,3,'31537');
REPLACE INTO proposal_details(proposal_id,proposal_detail_index,content) VALUES (16,4,'Nghỉ đã dép.
Đạp hết khoảng giày thuyền đạp đâu tôi dép cái.');
REPLACE INTO proposal_details(proposal_id,proposal_detail_index,content) VALUES (17,1,'Cửa đánh chết ờ chín.');
REPLACE INTO proposal_details(proposal_id,proposal_detail_index,content) VALUES (17,2,'Đập ác vá trăng khoan.');
REPLACE INTO proposal_details(proposal_id,proposal_detail_index,content) VALUES (17,3,'23962');
REPLACE INTO proposal_details(proposal_id,proposal_detail_index,content) VALUES (17,4,'Mười tàu thích trời bốn đang vàng cái.
Ghét ờ hóa tủ thì con phá.
Lầu mây xe ngọt nha thích thương chìm chết.
Áo tủ đá là tô tôi nghỉ mây.');
REPLACE INTO proposal_details(proposal_id,proposal_detail_index,content) VALUES (18,1,'Yêu áo mượn độc bè.');
REPLACE INTO proposal_details(proposal_id,proposal_detail_index,content) VALUES (18,2,'Chỉ chín giày anh bảy hết được.
Trăng con anh khâu núi mua vá đang.
Sáu khoan tím tủ bơi xanh.
Yêu sáu viết năm thương.
Thì xuồng bạn chỉ may tím.');
REPLACE INTO proposal_details(proposal_id,proposal_detail_index,content) VALUES (18,3,'18366');
REPLACE INTO proposal_details(proposal_id,proposal_detail_index,content) VALUES (18,4,'Làm khoảng bảy may bè sáu xanh.
Anh không ghế con khoảng chết thích phá bè thế.
Yêu đánh giết em biển xe cửa cửa.');
REPLACE INTO proposal_details(proposal_id,proposal_detail_index,content) VALUES (19,1,'Tô đá chín con việc máy vá thuyền.');
REPLACE INTO proposal_details(proposal_id,proposal_detail_index,content) VALUES (19,2,'Vàng nước vàng chìm.');
REPLACE INTO proposal_details(proposal_id,proposal_detail_index,content) VALUES (19,3,'26750');
REPLACE INTO proposal_details(proposal_id,proposal_detail_index,content) VALUES (19,4,'Nhà thì gì.
Gì giày đang bốn vẽ bốn.
Là ba nước khâu thì.
Ghế tui làm.
Việc thế độc thuyền cái tủ.');
REPLACE INTO proposal_details(proposal_id,proposal_detail_index,content) VALUES (20,1,'Leo máy khoảng nhà một ghế.');
REPLACE INTO proposal_details(proposal_id,proposal_detail_index,content) VALUES (20,2,'Ừ gió bảy.');
REPLACE INTO proposal_details(proposal_id,proposal_detail_index,content) VALUES (20,3,'6651');
REPLACE INTO proposal_details(proposal_id,proposal_detail_index,content) VALUES (20,4,'Quần thế con chỉ.
Là ruộng nhà vá ruộng tôi.');
REPLACE INTO proposal_details(proposal_id,proposal_detail_index,content) VALUES (21,1,'Nha cái cái.');
REPLACE INTO proposal_details(proposal_id,proposal_detail_index,content) VALUES (21,2,'Thương hương ghế áo.');
REPLACE INTO proposal_details(proposal_id,proposal_detail_index,content) VALUES (21,3,'9236');
REPLACE INTO proposal_details(proposal_id,proposal_detail_index,content) VALUES (21,4,'Một may vàng kim năm gió bạn làm.');
REPLACE INTO proposal_details(proposal_id,proposal_detail_index,content) VALUES (22,1,'Tàu ừ núi đá bơi chìm thuyền máy nước thì.');
REPLACE INTO proposal_details(proposal_id,proposal_detail_index,content) VALUES (22,2,'Nhà hàng giày.
Gì lầu đập đồng nhà xe nón thì đập nha.
Đạp đánh xuồng lỗi nhà quần.
Trăng độc ba bơi.
Ghế đạp sáu đâu hết đâu quê.');
REPLACE INTO proposal_details(proposal_id,proposal_detail_index,content) VALUES (22,3,'24531');
REPLACE INTO proposal_details(proposal_id,proposal_detail_index,content) VALUES (22,4,'Khâu anh nón con bơi dép ruộng được ba xanh.
Gì độc hàng đánh tôi cái không cửa đang.
Thôi thuê trăng thì tàu.
Cái tám hết.');
REPLACE INTO proposal_details(proposal_id,proposal_detail_index,content) VALUES (23,1,'Bè tủ máy thế khâu cái khoan tôi.');
REPLACE INTO proposal_details(proposal_id,proposal_detail_index,content) VALUES (23,2,'Đã tô ghế tím giết xanh leo trời thế.
Biết em xanh quần đỏ khoảng hương ừ khoảng thôi.
Vá lỗi đá đồng không giết ruộng tôi.');
REPLACE INTO proposal_details(proposal_id,proposal_detail_index,content) VALUES (23,3,'9293');
REPLACE INTO proposal_details(proposal_id,proposal_detail_index,content) VALUES (23,4,'Nha núi tui thương đang mượn mua ừ thế quê.
Ghế chỉ độc thương năm bảy phá tàu mướn tô.
Vẽ cửa nước mua tám.
Khoảng nhà yêu núi chìm.
Chỉ nghỉ tàu con tôi được dép kim.');
REPLACE INTO proposal_details(proposal_id,proposal_detail_index,content) VALUES (24,1,'Dép bơi ruộng bạn lầu ừ giày ba mua.');
REPLACE INTO proposal_details(proposal_id,proposal_detail_index,content) VALUES (24,2,'Ngọt bốn thì chỉ vá ừ hàng giết.
Phá núi hương.');
REPLACE INTO proposal_details(proposal_id,proposal_detail_index,content) VALUES (24,3,'15994');
REPLACE INTO proposal_details(proposal_id,proposal_detail_index,content) VALUES (24,4,'Ghét ừ đập tôi thôi trời khoan.
Xe nha gì tui ngọt.
Đã được độc mượn vá.
Lầu mua yêu gì.');
REPLACE INTO proposal_details(proposal_id,proposal_detail_index,content) VALUES (25,1,'Bạn hàng việc đá may bơi tàu.');
REPLACE INTO proposal_details(proposal_id,proposal_detail_index,content) VALUES (25,2,'Nước tô dép con ghế nón độc đánh.
Vá lỗi đang hàng thương ngọt dép anh hết.
Bảy nhà bảy là chìm con được.
Nhà hương ba trăng cái được.
Chín đập vàng mướn viết đá dép.');
REPLACE INTO proposal_details(proposal_id,proposal_detail_index,content) VALUES (25,3,'24749');
REPLACE INTO proposal_details(proposal_id,proposal_detail_index,content) VALUES (25,4,'Bảy đập đập thích khâu viết bè.
Thích xe khoan xuồng bè hết giày vàng chết quê.
Viết gió chết.');
REPLACE INTO proposal_details(proposal_id,proposal_detail_index,content) VALUES (26,1,'Khâu đỏ tô.');
REPLACE INTO proposal_details(proposal_id,proposal_detail_index,content) VALUES (26,2,'Một núi á gì.');
REPLACE INTO proposal_details(proposal_id,proposal_detail_index,content) VALUES (26,3,'15667');
REPLACE INTO proposal_details(proposal_id,proposal_detail_index,content) VALUES (26,4,'Chỉ yêu năm.
Viết đồng lỗi một nha.
Năm tô máy ngọt thương trời là đâu bàn.
Thế thế đồng may con đã hàng ruộng phá máy.
Giết mua gì mây đang mượn.');
REPLACE INTO proposal_details(proposal_id,proposal_detail_index,content) VALUES (27,1,'Chìm hóa hóa ghét.');
REPLACE INTO proposal_details(proposal_id,proposal_detail_index,content) VALUES (27,2,'Thích núi thương năm đá gió.
Khâu trăng đánh ngọt.');
REPLACE INTO proposal_details(proposal_id,proposal_detail_index,content) VALUES (27,3,'8917');
REPLACE INTO proposal_details(proposal_id,proposal_detail_index,content) VALUES (27,4,'Chín chín viết quần chỉ.
Chết quê đập bơi chỉ bạn.
Chín vẽ bạn quần hóa giày hương cái.
Anh tám mướn xe thương núi nha không năm.
Đánh đỏ tôi biển may biết nha xanh yêu.');
REPLACE INTO proposal_details(proposal_id,proposal_detail_index,content) VALUES (28,1,'Mười hết tôi tui bảy thì tô khoảng hết vàng.');
REPLACE INTO proposal_details(proposal_id,proposal_detail_index,content) VALUES (28,2,'Là kim gió đang hết vàng chín.
Thuê thế núi.
Mướn xuồng mướn ờ xanh trăng tô.');
REPLACE INTO proposal_details(proposal_id,proposal_detail_index,content) VALUES (28,3,'9601');
REPLACE INTO proposal_details(proposal_id,proposal_detail_index,content) VALUES (28,4,'Xe nhà đồng tui chín lầu.
May bảy phá độc trời vẽ thế.
Gì trăng ghét thế tàu tím con kim năm.
Tủ khâu áo leo hết khoan áo ngọt.
Chết anh thì gì phá.');
REPLACE INTO proposal_details(proposal_id,proposal_detail_index,content) VALUES (29,1,'Anh hàng hàng được đâu ngọt thì mượn biết lầu.');
REPLACE INTO proposal_details(proposal_id,proposal_detail_index,content) VALUES (29,2,'Quần độc thích lầu tám.
Trời bạn ngọt thì mua.
Leo lầu là mua con chỉ xuồng mua giết đỏ.
Xe việc tàu.');
REPLACE INTO proposal_details(proposal_id,proposal_detail_index,content) VALUES (29,3,'4926');
REPLACE INTO proposal_details(proposal_id,proposal_detail_index,content) VALUES (29,4,'Á con mười hương mua thương.');
REPLACE INTO proposal_details(proposal_id,proposal_detail_index,content) VALUES (30,1,'Tô bốn năm mướn.');
REPLACE INTO proposal_details(proposal_id,proposal_detail_index,content) VALUES (30,2,'Yêu thuyền bè may bốn chìm mướn nghỉ khâu cửa.
Thì yêu mua đỏ giết đâu mua khâu ruộng.
Ghét thích may nón cái.
Tôi bảy mười tủ bè chỉ núi thôi đồng.
Thích đá thuyền thuyền một thương ghét hết anh.');
REPLACE INTO proposal_details(proposal_id,proposal_detail_index,content) VALUES (30,3,'4668');
REPLACE INTO proposal_details(proposal_id,proposal_detail_index,content) VALUES (30,4,'Cửa bảy nghỉ máy.');